transaction_id,account_id,customer_id,card_network,card_type,product,txn_ts,amount_inr,currency,merchant_name,merchant_category,merchant_city,merchant_country,channel,auth_type,status,decline_reason,is_international,fx_rate,amount_base_inr,risk_score,fraud_label,device_id,ip_country,latitude,longitude
txn_00001_8fadc1a6,ACC4257,CUST95181,VISA,CREDIT,Branded Cards,2025-07-09T18:41:25.438179+05:30,75.00,INR,SpiceTrail,Dining,Pune,IN,POS,chip_pin,APPROVED,,0,,75.00,6,0,,IN,18.493666,73.866902
txn_00002_6142ea7d,ACC2584,CUST57052,RUPAY,CREDIT,Branded Cards,2025-10-08T16:33:00.438179+05:30,75.00,INR,PlayArena,Entertainment,Hyderabad,IN,ECOM,online,DECLINED,SUSPECTED_FRAUD,0,,75.00,22,0,dev_1a562b0f79,IN,,
txn_00003_3a578a8e,ACC5741,CUST20458,AMEX,CREDIT,Branded Cards,2025-11-07T10:51:13.438179+05:30,179.25,INR,PlayArena,Entertainment,Mumbai,IN,ATM,atm_pin,APPROVED,,0,,179.25,28,0,,IN,19.096457,72.832282
txn_00004_ece66fa2,ACC4598,CUST99733,RUPAY,DEBIT,Branded Cards,2025-10-14T12:29:40.438179+05:30,84.40,INR,PlayArena,Entertainment,Chennai,IN,POS,contactless,APPROVED,,0,,84.40,51,0,,IN,13.078926,80.247695
txn_00005_95a76d79,ACC8019,CUST86484,MASTERCARD,CREDIT,Branded Cards,2025-09-25T01:21:04.438179+05:30,255.24,INR,AquaFlow,Utilities,Hyderabad,IN,POS,contactless,APPROVED,,0,,255.24,13,0,,IN,17.391137,78.462974
txn_00006_ff01cf99,ACC8668,CUST79352,MASTERCARD,CREDIT,Branded Cards,2025-11-01T18:23:19.438179+05:30,75.00,INR,LocalStore,Other,Mumbai,IN,ECOM,online,APPROVED,,0,,75.00,55,0,dev_6162801c45,IN,,
txn_00007_4c66e0a8,ACC9317,CUST89818,VISA,CREDIT,Branded Cards,2025-11-16T08:57:59.438179+05:30,127.45,AED,LocalStore,Other,Chennai,AE,POS,contactless,APPROVED,,1,25.83,3292.20,29,0,,IN,,
txn_00008_bb5e4bcf,ACC8962,CUST19071,AMEX,CREDIT,Branded Cards,2025-08-22T09:57:08.438179+05:30,120.66,INR,CityServices,Other,Bangalore,IN,POS,contactless,DECLINED,INVALID_PIN,0,,120.66,8,0,,IN,12.978336,77.552476
txn_00009_702753a1,ACC9479,CUST69177,MASTERCARD,DEBIT,Branded Cards,2025-12-06T05:30:18.438179+05:30,171.95,INR,QuickServices,Other,Hyderabad,IN,POS,contactless,APPROVED,,0,,171.95,50,0,,IN,17.434515,78.501688
txn_00010_93829b43,ACC8744,CUST41850,MASTERCARD,CREDIT,Branded Cards,2025-09-05T23:42:37.438179+05:30,75.00,INR,PowerGrid,Utilities,Pune,IN,POS,chip_pin,DECLINED,INSUFFICIENT_FUNDS,0,,75.00,18,0,,IN,18.542735,73.894938
txn_00011_6c006f61,ACC4006,CUST46509,MASTERCARD,CREDIT,Branded Cards,2025-09-09T05:26:09.438179+05:30,75.00,INR,FuelPoint,Fuel,Kolkata,IN,POS,contactless,APPROVED,,0,,75.00,11,0,,IN,22.541621,88.358761
txn_00012_e7067ef4,ACC1960,CUST31579,VISA,DEBIT,Branded Cards,2025-09-30T14:27:09.438179+05:30,113.35,USD,QuickServices,Other,Bangalore,US,ECOM,online,APPROVED,,1,90.67,10277.97,60,0,dev_dd36b82481,IN,,
txn_00013_944528c0,ACC9883,CUST17989,RUPAY,DEBIT,Branded Cards,2025-10-17T12:26:59.438179+05:30,101.96,INR,FunZone,Entertainment,Kolkata,IN,ECOM,online,APPROVED,,0,,101.96,20,0,dev_f737bb3eec,IN,,
txn_00014_6b5252e3,ACC9565,CUST51467,VISA,DEBIT,Branded Cards,2025-10-31T07:05:39.438179+05:30,75.00,INR,CityServices,Other,Delhi,IN,POS,chip_pin,APPROVED,,0,,75.00,41,0,,IN,28.713552,77.114438
txn_00015_12c136e0,ACC9808,CUST37938,AMEX,CREDIT,Branded Cards,2025-08-29T04:52:31.438179+05:30,97.47,INR,Cafe Mosaic,Dining,Delhi,IN,ECOM,online,APPROVED,,0,,97.47,23,0,dev_90ff9ab5c2,IN,,
txn_00016_27cb6f2a,ACC5462,CUST46930,MASTERCARD,DEBIT,Branded Cards,2025-08-04T06:51:44.438179+05:30,148.48,INR,SpeedFuel,Fuel,Chennai,IN,POS,contactless,APPROVED,,0,,148.48,13,0,,IN,13.121671,80.294942
txn_00017_8f9797b0,ACC1158,CUST24663,AMEX,CREDIT,Branded Cards,2025-12-17T09:06:15.438179+05:30,159.02,INR,TasteHub,Dining,Ahmedabad,IN,POS,chip_pin,APPROVED,,0,,159.02,21,0,,IN,23.016684,72.591967
txn_00018_6808593f,ACC3532,CUST41029,VISA,DEBIT,Branded Cards,2025-11-25T08:05:05.438179+05:30,75.00,INR,QuickServices,Other,Kolkata,IN,POS,contactless,APPROVED,,0,,75.00,47,0,,IN,22.600612,88.402313
txn_00019_dbccc477,ACC8711,CUST39154,RUPAY,CREDIT,Branded Cards,2025-11-14T21:46:19.438179+05:30,243.82,INR,RailEase,Travel,Chennai,IN,ECOM,online,APPROVED,,0,,243.82,19,0,dev_df61ee411a,IN,,
txn_00020_1d870966,ACC5279,CUST33405,AMEX,DEBIT,Branded Cards,2025-08-10T04:51:56.438179+05:30,199.48,INR,ShopSphere,Ecomm,Bangalore,IN,ECOM,online,APPROVED,,0,,199.48,18,0,dev_f054c63cd8,IN,,
txn_00021_f0b5156b,ACC4228,CUST57739,VISA,CREDIT,Branded Cards,2025-09-17T11:59:00.438179+05:30,75.00,INR,HealthFirst,Pharmacy,Chennai,IN,POS,chip_pin,APPROVED,,0,,75.00,5,0,,IN,13.113351,80.289386
txn_00022_4d0b0d1a,ACC7653,CUST81819,AMEX,DEBIT,Branded Cards,2026-01-05T03:28:02.438179+05:30,99.96,INR,FuelPoint,Fuel,Hyderabad,IN,POS,contactless,APPROVED,,0,,99.96,29,0,,IN,17.425281,78.498251
txn_00023_d1843324,ACC4848,CUST98184,AMEX,CREDIT,Branded Cards,2025-10-18T06:21:07.438179+05:30,150.20,INR,WellnessRx,Pharmacy,Chennai,IN,POS,contactless,APPROVED,,0,,150.20,23,0,,IN,13.095994,80.254219
txn_00024_3e75c3b4,ACC3417,CUST95990,MASTERCARD,CREDIT,Branded Cards,2025-07-13T14:19:45.438179+05:30,75.00,INR,FreshBasket,Grocery,Pune,IN,ATM,atm_pin,APPROVED,,0,,75.00,41,0,,IN,18.540035,73.856138
txn_00025_9cd6c852,ACC9270,CUST65933,VISA,DEBIT,Branded Cards,2025-08-17T22:17:45.438179+05:30,121.19,INR,ShopSphere,Ecomm,Ahmedabad,IN,POS,chip_pin,APPROVED,,0,,121.19,40,0,,IN,23.067504,72.610543
txn_00026_458f1f19,ACC6502,CUST51904,MASTERCARD,DEBIT,Branded Cards,2025-08-20T11:35:50.438179+05:30,75.00,INR,FunZone,Entertainment,Pune,IN,ECOM,online,APPROVED,,0,,75.00,32,0,dev_49b6aae05b,IN,,
txn_00027_05000bc6,ACC7232,CUST72518,MASTERCARD,CREDIT,Branded Cards,2026-01-04T01:43:26.438179+05:30,289.81,INR,UrbanCart,Ecomm,Delhi,IN,ECOM,online,DECLINED,NETWORK_ERROR,0,,289.81,61,0,dev_95c51155ff,IN,,
txn_00028_fb10987f,ACC9751,CUST13534,AMEX,DEBIT,Branded Cards,2025-09-26T16:58:51.438179+05:30,224.22,AED,WellnessRx,Pharmacy,Pune,AE,POS,contactless,APPROVED,,1,24.01,5384.25,52,0,,IN,,
txn_00029_d5bcb8d0,ACC2341,CUST71644,VISA,CREDIT,Branded Cards,2025-12-31T18:53:29.438179+05:30,75.00,INR,MediPlus,Pharmacy,Ahmedabad,IN,POS,contactless,APPROVED,,0,,75.00,29,0,,IN,23.067620,72.563556
txn_00030_5e6fea07,ACC3749,CUST89415,VISA,DEBIT,Branded Cards,2025-08-03T10:21:39.438179+05:30,78.47,INR,ClickBazaar,Ecomm,Mumbai,IN,ECOM,online,APPROVED,,0,,78.47,66,0,dev_41b31022f0,IN,,
txn_00031_99b49350,ACC2983,CUST84177,MASTERCARD,DEBIT,Branded Cards,2025-12-26T01:53:23.438179+05:30,75.00,INR,FuelPoint,Fuel,Bangalore,IN,ATM,atm_pin,APPROVED,,0,,75.00,20,0,,IN,12.998848,77.629629
txn_00032_eb6c1016,ACC9817,CUST73372,RUPAY,DEBIT,Branded Cards,2025-09-07T22:40:20.438179+05:30,258.70,INR,FuelPoint,Fuel,Chennai,IN,POS,contactless,APPROVED,,0,,258.70,51,0,,IN,13.097746,80.282291
txn_00033_5ad5cf06,ACC5232,CUST54608,AMEX,DEBIT,Branded Cards,2025-10-25T16:49:32.438179+05:30,183.33,INR,ShopSphere,Ecomm,Hyderabad,IN,ECOM,online,APPROVED,,0,,183.33,30,0,dev_7c2e8d0e87,IN,,
txn_00034_6786d506,ACC4986,CUST50135,AMEX,CREDIT,Branded Cards,2025-07-19T17:21:26.438179+05:30,128.26,INR,QuickServices,Other,Mumbai,IN,POS,contactless,APPROVED,,0,,128.26,36,0,,IN,19.027724,72.857124
txn_00035_c31edbbc,ACC4033,CUST35105,AMEX,DEBIT,Branded Cards,2025-11-10T20:54:07.438179+05:30,75.00,INR,CityServices,Other,Chennai,IN,POS,contactless,APPROVED,,0,,75.00,51,0,,IN,13.044655,80.274286
txn_00036_7daa39f0,ACC2680,CUST11607,AMEX,DEBIT,Branded Cards,2025-08-12T04:10:43.438179+05:30,75.00,INR,SpeedFuel,Fuel,Hyderabad,IN,POS,chip_pin,APPROVED,,0,,75.00,45,0,,IN,,
txn_00037_4dc82a1e,ACC2395,CUST42530,RUPAY,DEBIT,Branded Cards,2025-12-05T18:12:44.438179+05:30,75.00,INR,FunZone,Entertainment,Delhi,IN,ATM,atm_pin,APPROVED,,0,,75.00,48,0,,IN,28.669020,77.108784
txn_00038_a021c0ca,ACC4457,CUST44687,RUPAY,CREDIT,Branded Cards,2025-07-20T11:34:30.438179+05:30,75.00,INR,LocalStore,Other,Ahmedabad,IN,ECOM,online,APPROVED,,0,,75.00,50,0,dev_c3f295456e,US,,
txn_00039_1238d630,ACC4824,CUST44675,MASTERCARD,CREDIT,Branded Cards,2025-07-28T17:03:27.438179+05:30,209.94,INR,RailEase,Travel,Mumbai,IN,POS,contactless,APPROVED,,0,,209.94,49,0,,IN,,
txn_00040_4dd8eb85,ACC7594,CUST45683,MASTERCARD,DEBIT,Branded Cards,2025-08-29T18:52:15.438179+05:30,75.00,INR,FuelPoint,Fuel,Pune,IN,ECOM,online,APPROVED,,0,,75.00,61,0,dev_771fd5a423,IN,,
txn_00041_c19ad58c,ACC3870,CUST71669,RUPAY,DEBIT,Branded Cards,2025-08-25T14:48:37.438179+05:30,323.01,INR,FuelPoint,Fuel,Bangalore,IN,ECOM,online,APPROVED,,0,,323.01,98,1,dev_0a9384ec2b,AE,,
txn_00042_7ed70ed7,ACC5722,CUST96846,RUPAY,DEBIT,Branded Cards,2025-09-24T18:30:09.438179+05:30,214.20,INR,RailEase,Travel,Kolkata,IN,ECOM,online,APPROVED,,0,,214.20,61,0,dev_69546e035a,IN,,
txn_00043_341c6494,ACC5375,CUST81987,VISA,DEBIT,Branded Cards,2025-12-03T04:02:39.438179+05:30,82.23,INR,MetroPetro,Fuel,Hyderabad,IN,POS,contactless,APPROVED,,0,,82.23,44,0,,IN,17.397541,78.512699
txn_00044_b495db4e,ACC5479,CUST64459,RUPAY,DEBIT,Branded Cards,2025-09-03T21:20:17.438179+05:30,97.41,GBP,SpeedFuel,Fuel,Pune,GB,ECOM,online,APPROVED,,1,96.58,9408.30,85,1,dev_4ab77350ca,SG,,
txn_00045_4c6e27ff,ACC9022,CUST29476,MASTERCARD,DEBIT,Branded Cards,2025-09-12T18:55:19.438179+05:30,122.76,INR,QuickServices,Other,Kolkata,IN,POS,chip_pin,APPROVED,,0,,122.76,55,0,,IN,22.604655,88.342184
txn_00046_cfb87e6f,ACC7246,CUST60604,RUPAY,DEBIT,Branded Cards,2025-07-19T14:47:30.438179+05:30,88.47,INR,NetConnect,Utilities,Kolkata,IN,POS,contactless,APPROVED,,0,,88.47,31,0,,IN,22.597071,88.384423
txn_00047_f84f16b3,ACC3529,CUST19807,MASTERCARD,DEBIT,Branded Cards,2025-09-07T04:52:54.438179+05:30,77.42,INR,FreshBasket,Grocery,Chennai,IN,ECOM,online,APPROVED,,0,,77.42,58,0,dev_de68f45bce,IN,,
txn_00048_bf2c14a0,ACC2480,CUST66881,AMEX,DEBIT,Branded Cards,2025-12-10T15:27:25.438179+05:30,88.39,INR,MetroPetro,Fuel,Kolkata,IN,ATM,atm_pin,APPROVED,,0,,88.39,20,0,,IN,22.614693,88.413643
txn_00049_2cd1586a,ACC2293,CUST89887,VISA,DEBIT,Branded Cards,2025-09-29T15:58:05.438179+05:30,210.94,INR,RailEase,Travel,Hyderabad,IN,ECOM,online,DECLINED,INSUFFICIENT_FUNDS,0,,210.94,27,0,dev_2ecae28e66,IN,,
txn_00050_fcd6bdca,ACC5901,CUST93746,MASTERCARD,DEBIT,Branded Cards,2025-09-19T05:25:31.438179+05:30,431.88,INR,SkyRoute,Travel,Ahmedabad,IN,ECOM,online,APPROVED,,0,,431.88,39,0,dev_7112e89d10,IN,,
txn_00051_e91e314e,ACC9138,CUST47512,RUPAY,DEBIT,Branded Cards,2025-11-07T16:25:42.438179+05:30,160.37,INR,UrbanCart,Ecomm,Ahmedabad,IN,POS,contactless,APPROVED,,0,,160.37,52,0,,IN,,
txn_00052_088a93ec,ACC6977,CUST27224,AMEX,CREDIT,Branded Cards,2025-12-13T03:47:11.438179+05:30,800.88,INR,ClickBazaar,Ecomm,Hyderabad,IN,ECOM,online,APPROVED,,0,,800.88,45,0,dev_c94f1639a0,IN,,
txn_00053_bf1e8366,ACC6549,CUST25095,AMEX,DEBIT,Branded Cards,2025-09-08T11:47:22.438179+05:30,178.17,INR,SkyRoute,Travel,Delhi,IN,ECOM,online,APPROVED,,0,,178.17,35,0,dev_7bf1b64afe,IN,,
txn_00054_1bbc91f7,ACC4830,CUST71797,MASTERCARD,CREDIT,Branded Cards,2025-12-29T15:58:26.438179+05:30,75.00,INR,WellnessRx,Pharmacy,Chennai,IN,POS,contactless,DECLINED,LIMIT_EXCEEDED,0,,75.00,21,0,,IN,13.114942,80.314729
txn_00055_5efa9c5b,ACC9850,CUST64935,AMEX,CREDIT,Branded Cards,2025-08-08T08:54:18.438179+05:30,75.00,INR,FuelPoint,Fuel,Ahmedabad,IN,ECOM,online,APPROVED,,0,,75.00,46,0,dev_6322bae10e,IN,,
txn_00056_196f4dfa,ACC7018,CUST81364,RUPAY,CREDIT,Branded Cards,2025-07-24T01:28:19.438179+05:30,75.00,INR,PlayArena,Entertainment,Kolkata,IN,ATM,atm_pin,APPROVED,,0,,75.00,20,0,,IN,,
txn_00057_c9776598,ACC4362,CUST18992,VISA,DEBIT,Branded Cards,2025-08-17T06:59:19.438179+05:30,75.00,INR,SpiceTrail,Dining,Mumbai,IN,ATM,atm_pin,APPROVED,,0,,75.00,6,0,,IN,19.059351,72.926582
txn_00058_52e2afd9,ACC1258,CUST32838,MASTERCARD,CREDIT,Branded Cards,2025-10-30T12:37:23.438179+05:30,194.27,INR,PowerGrid,Utilities,Bangalore,IN,POS,chip_pin,APPROVED,,0,,194.27,13,0,,IN,13.000598,77.568393
txn_00059_4d37a539,ACC8504,CUST94323,MASTERCARD,DEBIT,Branded Cards,2025-12-29T12:18:59.438179+05:30,79.23,INR,QuickServices,Other,Mumbai,IN,POS,contactless,APPROVED,,0,,79.23,7,0,,IN,19.116875,72.893590
txn_00060_fe9fecaa,ACC9692,CUST48652,RUPAY,DEBIT,Branded Cards,2025-09-10T20:07:28.438179+05:30,75.00,INR,WellnessRx,Pharmacy,Mumbai,IN,POS,contactless,DECLINED,INSUFFICIENT_FUNDS,0,,75.00,44,0,,IN,19.080836,72.860219
txn_00061_ec48bf55,ACC8770,CUST18799,RUPAY,CREDIT,Branded Cards,2025-12-13T11:25:23.438179+05:30,75.00,INR,FuelPoint,Fuel,Pune,IN,POS,chip_pin,APPROVED,,0,,75.00,25,0,,IN,18.507830,73.821964
txn_00062_6c4596f6,ACC1842,CUST47700,VISA,DEBIT,Branded Cards,2025-08-05T03:09:18.438179+05:30,75.00,INR,FuelPoint,Fuel,Chennai,IN,ECOM,online,APPROVED,,0,,75.00,65,0,dev_f0aa53c19c,IN,,
txn_00063_d85c16bd,ACC1430,CUST89822,AMEX,CREDIT,Branded Cards,2025-07-21T04:47:37.438179+05:30,129.30,INR,QuickServices,Other,Delhi,IN,ECOM,online,APPROVED,,0,,129.30,44,0,dev_3992f837d4,IN,,
txn_00064_bf012e32,ACC9691,CUST38197,VISA,CREDIT,Branded Cards,2025-09-30T23:14:43.438179+05:30,75.00,INR,TasteHub,Dining,Hyderabad,IN,ATM,atm_pin,APPROVED,,0,,75.00,9,0,,IN,17.398317,78.439766
txn_00065_9b69554d,ACC8242,CUST64287,RUPAY,DEBIT,Branded Cards,2025-10-28T06:40:56.438179+05:30,107.93,INR,CityCab,Travel,Hyderabad,IN,ECOM,online,APPROVED,,0,,107.93,48,0,dev_6ca974d079,IN,,
txn_00066_4d29d1ab,ACC4460,CUST27987,VISA,DEBIT,Branded Cards,2025-11-01T03:59:33.438179+05:30,75.00,INR,MediPlus,Pharmacy,Hyderabad,IN,ECOM,online,APPROVED,,0,,75.00,30,0,dev_010e0630cd,IN,,
txn_00067_04cc3ede,ACC8532,CUST20205,AMEX,CREDIT,Branded Cards,2025-10-16T17:34:06.438179+05:30,88.42,INR,DailyMart,Grocery,Kolkata,IN,POS,contactless,APPROVED,,0,,88.42,27,0,,IN,22.608776,88.318130
txn_00068_96c044d0,ACC7560,CUST78676,RUPAY,DEBIT,Branded Cards,2025-12-16T00:07:18.438179+05:30,75.00,INR,HealthFirst,Pharmacy,Mumbai,IN,POS,contactless,APPROVED,,0,,75.00,28,0,,IN,19.110448,72.852032
txn_00069_328067a1,ACC3842,CUST88957,AMEX,DEBIT,Branded Cards,2025-11-26T14:39:53.438179+05:30,502.08,INR,UrbanCart,Ecomm,Delhi,IN,POS,chip_pin,APPROVED,,0,,502.08,46,0,,IN,28.677727,77.067144
txn_00070_117b355b,ACC8682,CUST67961,VISA,CREDIT,Branded Cards,2025-07-28T03:30:20.438179+05:30,154.46,INR,FunZone,Entertainment,Ahmedabad,IN,ECOM,online,APPROVED,,0,,154.46,45,0,dev_2650ee7a92,IN,,
txn_00071_0a8076ec,ACC8368,CUST84928,AMEX,CREDIT,Branded Cards,2025-07-23T07:40:39.438179+05:30,287.17,INR,NetConnect,Utilities,Mumbai,IN,POS,contactless,DECLINED,INVALID_PIN,0,,287.17,34,0,,IN,19.121423,72.901592
txn_00072_28a39779,ACC6962,CUST58870,AMEX,DEBIT,Branded Cards,2025-10-25T00:25:32.438179+05:30,86.19,INR,QuickServices,Other,Bangalore,IN,POS,contactless,APPROVED,,0,,86.19,50,0,,IN,12.965542,77.596875
txn_00073_4f40c22f,ACC7171,CUST94343,RUPAY,DEBIT,Branded Cards,2025-10-13T09:52:41.438179+05:30,75.00,INR,GreenLeaf Grocers,Grocery,Chennai,IN,POS,chip_pin,APPROVED,,0,,75.00,47,0,,IN,13.092204,80.314500
txn_00074_81f7f3fb,ACC9843,CUST79013,VISA,DEBIT,Branded Cards,2025-12-27T02:16:11.438179+05:30,103.45,INR,LocalStore,Other,Bangalore,IN,POS,chip_pin,APPROVED,,0,,103.45,13,0,,IN,12.951179,77.623412
txn_00075_9c4ffb46,ACC5668,CUST68841,MASTERCARD,DEBIT,Branded Cards,2025-11-06T19:05:18.438179+05:30,120.95,INR,SkyRoute,Travel,Delhi,IN,ECOM,online,APPROVED,,0,,120.95,45,0,dev_f83ccec76c,IN,,
txn_00076_d11fc8c0,ACC4271,CUST89254,MASTERCARD,DEBIT,Branded Cards,2025-12-01T05:25:43.438179+05:30,257.23,INR,StarCinemas,Entertainment,Chennai,IN,ECOM,online,APPROVED,,0,,257.23,27,0,dev_f76b2d5b09,IN,,
txn_00077_e27718c5,ACC6727,CUST13495,VISA,DEBIT,Branded Cards,2025-09-21T12:35:31.438179+05:30,121.23,INR,NetConnect,Utilities,Mumbai,IN,ECOM,online,APPROVED,,0,,121.23,45,0,dev_38e916da57,IN,,
txn_00078_2387eaf6,ACC8685,CUST68799,RUPAY,DEBIT,Branded Cards,2025-08-01T14:20:23.438179+05:30,243.06,INR,UrbanCart,Ecomm,Mumbai,IN,POS,chip_pin,APPROVED,,0,,243.06,7,0,,IN,19.108976,72.897307
txn_00079_d6312a80,ACC9189,CUST88215,VISA,CREDIT,Branded Cards,2025-08-21T13:55:57.438179+05:30,75.00,INR,SpiceTrail,Dining,Delhi,IN,POS,contactless,APPROVED,,0,,75.00,31,0,,IN,28.716381,77.058781
txn_00080_fd034ada,ACC9316,CUST82633,MASTERCARD,CREDIT,Branded Cards,2025-12-31T00:18:54.438179+05:30,105.99,INR,Cafe Mosaic,Dining,Bangalore,IN,POS,chip_pin,APPROVED,,0,,105.99,28,0,,IN,12.974206,77.595333
txn_00081_551ff086,ACC3185,CUST15811,RUPAY,CREDIT,Branded Cards,2025-10-06T18:39:04.438179+05:30,75.00,INR,HealthFirst,Pharmacy,Hyderabad,IN,ECOM,online,APPROVED,,0,,75.00,65,0,dev_bc94f79dba,IN,,
txn_00082_e2c328aa,ACC1686,CUST51365,AMEX,CREDIT,Branded Cards,2025-10-17T19:45:59.438179+05:30,124.49,INR,PlayArena,Entertainment,Ahmedabad,IN,ECOM,online,APPROVED,,0,,124.49,29,0,dev_ca0b36e356,IN,,
txn_00083_f945f2fd,ACC4060,CUST75038,RUPAY,DEBIT,Branded Cards,2025-07-11T20:25:00.438179+05:30,75.00,INR,SpiceTrail,Dining,Pune,IN,POS,chip_pin,APPROVED,,0,,75.00,30,0,,IN,18.559864,73.845364
txn_00084_e95f176c,ACC6776,CUST90589,AMEX,DEBIT,Branded Cards,2025-09-16T04:32:05.438179+05:30,75.00,INR,FuelPoint,Fuel,Kolkata,IN,POS,chip_pin,APPROVED,,0,,75.00,49,0,,IN,22.567313,88.386581
txn_00085_5ef787b8,ACC7095,CUST68188,VISA,CREDIT,Branded Cards,2025-12-16T17:38:06.438179+05:30,75.00,INR,HealthFirst,Pharmacy,Delhi,IN,ATM,atm_pin,APPROVED,,0,,75.00,41,0,,IN,28.669444,77.097492
txn_00086_9ca3fbb3,ACC5678,CUST74382,MASTERCARD,DEBIT,Branded Cards,2025-11-15T10:03:57.438179+05:30,75.00,INR,HealthFirst,Pharmacy,Hyderabad,IN,POS,chip_pin,DECLINED,SUSPECTED_FRAUD,0,,75.00,21,0,,IN,17.405404,78.458157
txn_00087_d9f2dd0d,ACC3580,CUST93584,MASTERCARD,CREDIT,Branded Cards,2025-11-22T01:22:10.438179+05:30,119.02,INR,StarCinemas,Entertainment,Ahmedabad,IN,ATM,atm_pin,APPROVED,,0,,119.02,23,0,,IN,,
txn_00088_ffe575f6,ACC8842,CUST78903,MASTERCARD,CREDIT,Branded Cards,2025-09-21T23:37:26.438179+05:30,75.00,INR,ShopSphere,Ecomm,Pune,IN,ECOM,online,DECLINED,LIMIT_EXCEEDED,0,,75.00,42,0,dev_4f10d4de39,IN,,
txn_00089_1fc905f8,ACC9488,CUST30056,VISA,CREDIT,Branded Cards,2025-10-20T08:32:10.438179+05:30,148.09,INR,NetConnect,Utilities,Mumbai,IN,POS,contactless,APPROVED,,0,,148.09,13,0,,IN,19.117071,72.833241
txn_00090_9780c215,ACC3526,CUST32439,MASTERCARD,DEBIT,Branded Cards,2025-07-20T15:47:40.438179+05:30,215.72,INR,UrbanCart,Ecomm,Hyderabad,IN,ECOM,online,APPROVED,,0,,215.72,27,0,dev_a480a8a23d,IN,,
txn_00091_4a27ebf2,ACC5949,CUST73300,AMEX,CREDIT,Branded Cards,2025-11-03T23:44:44.438179+05:30,75.00,INR,FreshBasket,Grocery,Bangalore,IN,ATM,atm_pin,APPROVED,,0,,75.00,44,0,,IN,12.971404,77.607316
txn_00092_586a346a,ACC7532,CUST27139,AMEX,DEBIT,Branded Cards,2025-10-02T19:46:52.438179+05:30,112.65,INR,FuelPoint,Fuel,Bangalore,IN,POS,contactless,APPROVED,,0,,112.65,51,0,,IN,,
txn_00093_f1fac6e7,ACC7442,CUST76249,VISA,DEBIT,Branded Cards,2025-09-10T05:45:59.438179+05:30,226.35,GBP,UrbanCart,Ecomm,Mumbai,GB,POS,chip_pin,APPROVED,,1,109.69,24828.51,64,0,,IN,19.056854,72.830018
txn_00094_49e1cd13,ACC2204,CUST60639,MASTERCARD,DEBIT,Branded Cards,2025-08-28T22:08:03.438179+05:30,113.11,USD,FreshBasket,Grocery,Hyderabad,US,POS,contactless,APPROVED,,1,81.76,9247.50,48,0,,IN,17.391182,78.472952
txn_00095_79474bfa,ACC9508,CUST69898,AMEX,CREDIT,Branded Cards,2025-11-27T16:27:28.438179+05:30,88.12,INR,SkyRoute,Travel,Kolkata,IN,POS,contactless,APPROVED,,0,,88.12,7,0,,IN,22.536304,88.347204
txn_00096_54cc1e2a,ACC2795,CUST64596,MASTERCARD,DEBIT,Branded Cards,2025-08-09T03:19:44.438179+05:30,75.00,INR,PowerGrid,Utilities,Kolkata,IN,ATM,atm_pin,APPROVED,,0,,75.00,50,0,,IN,22.570089,88.315564
txn_00097_3e00980e,ACC1517,CUST85047,VISA,DEBIT,Branded Cards,2025-07-10T10:31:47.438179+05:30,104.51,INR,TasteHub,Dining,Pune,IN,ECOM,online,APPROVED,,0,,104.51,60,0,dev_d225d4a0fc,IN,,
txn_00098_7a768555,ACC9609,CUST59391,MASTERCARD,CREDIT,Branded Cards,2025-10-17T08:13:32.438179+05:30,95.48,INR,FunZone,Entertainment,Kolkata,IN,POS,chip_pin,APPROVED,,0,,95.48,13,0,,IN,22.578689,88.413712
txn_00099_cb9faf6d,ACC5480,CUST47721,RUPAY,DEBIT,Branded Cards,2025-12-04T17:39:05.438179+05:30,145.60,INR,LocalStore,Other,Hyderabad,IN,POS,chip_pin,APPROVED,,0,,145.60,36,0,,IN,17.369880,78.530070
txn_00100_1bf645f6,ACC4920,CUST41779,RUPAY,DEBIT,Branded Cards,2025-12-23T19:11:47.438179+05:30,75.00,INR,PowerGrid,Utilities,Hyderabad,IN,POS,chip_pin,APPROVED,,0,,75.00,39,0,,IN,17.391202,78.463862
txn_00101_52380bf2,ACC5676,CUST94659,MASTERCARD,CREDIT,Branded Cards,2025-12-21T11:16:26.438179+05:30,155.20,INR,FreshBasket,Grocery,Kolkata,IN,POS,contactless,APPROVED,,0,,155.20,35,0,,IN,22.542546,88.410291
txn_00102_025f5543,ACC5888,CUST84443,MASTERCARD,CREDIT,Branded Cards,2025-08-04T10:37:27.438179+05:30,85.12,INR,CityCab,Travel,Delhi,IN,ATM,atm_pin,DECLINED,NETWORK_ERROR,0,,85.12,23,0,,IN,,
txn_00103_41dc1c60,ACC4050,CUST11846,AMEX,DEBIT,Branded Cards,2025-10-11T03:47:22.438179+05:30,75.00,INR,PlayArena,Entertainment,Ahmedabad,IN,ECOM,online,APPROVED,,0,,75.00,58,0,dev_75bb2aa146,IN,,
txn_00104_546252e7,ACC5947,CUST86344,MASTERCARD,CREDIT,Branded Cards,2025-08-12T14:06:53.438179+05:30,75.00,INR,HealthFirst,Pharmacy,Chennai,IN,POS,chip_pin,APPROVED,,0,,75.00,21,0,,IN,13.077374,80.247399
txn_00105_7a6a2107,ACC3509,CUST69634,AMEX,DEBIT,Branded Cards,2025-08-03T00:55:40.438179+05:30,253.64,INR,ShopSphere,Ecomm,Mumbai,IN,POS,chip_pin,APPROVED,,0,,253.64,23,0,,IN,19.048085,72.923436
txn_00106_1cb9b73a,ACC2011,CUST81781,RUPAY,DEBIT,Branded Cards,2025-08-29T07:10:14.438179+05:30,137.47,INR,CityServices,Other,Pune,IN,ECOM,online,APPROVED,,0,,137.47,53,0,dev_135c9deee0,IN,,
txn_00107_765e6cb5,ACC6049,CUST12853,MASTERCARD,CREDIT,Branded Cards,2025-09-26T05:15:59.438179+05:30,163.13,INR,NetConnect,Utilities,Ahmedabad,IN,POS,chip_pin,APPROVED,,0,,163.13,13,0,,IN,23.018180,72.527174
txn_00108_6b9cd71c,ACC7135,CUST60132,VISA,CREDIT,Branded Cards,2025-09-13T00:47:12.438179+05:30,75.00,INR,SpeedFuel,Fuel,Kolkata,IN,POS,chip_pin,APPROVED,,0,,75.00,13,0,,IN,22.620433,88.378488
txn_00109_3acb43a3,ACC5055,CUST70375,RUPAY,CREDIT,Branded Cards,2025-10-09T08:52:59.438179+05:30,75.00,INR,QuickServices,Other,Chennai,IN,POS,contactless,APPROVED,,0,,75.00,48,0,,IN,13.075113,80.258628
txn_00110_8a2db2e6,ACC4559,CUST17398,AMEX,CREDIT,Branded Cards,2025-11-30T20:11:05.438179+05:30,111.50,INR,SpeedFuel,Fuel,Kolkata,IN,POS,chip_pin,APPROVED,,0,,111.50,8,0,,IN,22.527024,88.357796
txn_00111_e95d2761,ACC3869,CUST92050,AMEX,CREDIT,Branded Cards,2025-07-15T22:58:37.438179+05:30,101.48,INR,NetConnect,Utilities,Chennai,IN,POS,chip_pin,APPROVED,,0,,101.48,42,0,,IN,,
txn_00112_db87d29c,ACC3365,CUST70689,RUPAY,CREDIT,Branded Cards,2025-12-21T18:03:18.438179+05:30,75.00,INR,NetConnect,Utilities,Kolkata,IN,ECOM,online,APPROVED,,0,,75.00,36,0,dev_39d96e684f,IN,,
txn_00113_cdfd9531,ACC4555,CUST72835,RUPAY,DEBIT,Branded Cards,2025-11-13T02:24:29.438179+05:30,75.00,INR,CityServices,Other,Delhi,IN,POS,contactless,APPROVED,,0,,75.00,48,0,,IN,28.658055,77.059778
txn_00114_61730c48,ACC8639,CUST79946,AMEX,CREDIT,Branded Cards,2025-07-23T01:27:03.438179+05:30,435.09,INR,ShopSphere,Ecomm,Mumbai,IN,ECOM,online,APPROVED,,0,,435.09,35,0,dev_c652555c75,IN,,
txn_00115_95831d58,ACC7841,CUST48691,AMEX,DEBIT,Branded Cards,2025-11-27T07:23:16.438179+05:30,75.00,INR,NetConnect,Utilities,Ahmedabad,IN,POS,contactless,APPROVED,,0,,75.00,19,0,,IN,22.974122,72.576731
txn_00116_2f1dc121,ACC9882,CUST94123,AMEX,CREDIT,Branded Cards,2025-12-20T19:27:17.438179+05:30,75.00,INR,WellnessRx,Pharmacy,Pune,IN,POS,contactless,APPROVED,,0,,75.00,55,0,,IN,18.484396,73.861355
txn_00117_0463750e,ACC9228,CUST98346,VISA,CREDIT,Branded Cards,2025-09-17T08:00:15.438179+05:30,77.97,EUR,FreshBasket,Grocery,Kolkata,DE,POS,chip_pin,DECLINED,SUSPECTED_FRAUD,1,89.30,6962.42,24,0,,IN,22.550074,88.411648
txn_00118_4ccb2355,ACC2320,CUST95686,VISA,CREDIT,Branded Cards,2025-07-23T13:22:39.438179+05:30,75.00,INR,QuickServices,Other,Pune,IN,POS,contactless,APPROVED,,0,,75.00,30,0,,IN,18.494721,73.876424
txn_00119_873570a2,ACC1697,CUST40115,VISA,DEBIT,Branded Cards,2025-11-11T17:53:42.438179+05:30,200.54,INR,HealthFirst,Pharmacy,Ahmedabad,IN,POS,chip_pin,APPROVED,,0,,200.54,26,0,,IN,23.058296,72.530936
txn_00120_4c9d6907,ACC3661,CUST83919,RUPAY,DEBIT,Branded Cards,2025-11-04T17:53:54.438179+05:30,75.00,AED,FreshBasket,Grocery,Hyderabad,AE,ECOM,online,APPROVED,,1,20.09,1507.05,39,0,dev_65d226a8b3,IN,,
txn_00121_57311609,ACC7499,CUST52778,RUPAY,DEBIT,Branded Cards,2025-12-28T15:26:36.438179+05:30,108.44,INR,WellnessRx,Pharmacy,Delhi,IN,ECOM,online,APPROVED,,0,,108.44,21,0,dev_d63b6dca0d,IN,,
txn_00122_4499d0a6,ACC3526,CUST59807,AMEX,DEBIT,Branded Cards,2025-07-27T08:54:50.438179+05:30,88.31,INR,StarCinemas,Entertainment,Chennai,IN,POS,contactless,APPROVED,,0,,88.31,44,0,,IN,13.057345,80.228051
txn_00123_991965ea,ACC6315,CUST60493,RUPAY,DEBIT,Branded Cards,2026-01-02T03:54:18.438179+05:30,94.95,INR,PowerGrid,Utilities,Mumbai,IN,POS,contactless,APPROVED,,0,,94.95,11,0,,IN,19.061391,72.837006
txn_00124_13b11e59,ACC6916,CUST42990,RUPAY,DEBIT,Branded Cards,2025-11-02T15:46:27.438179+05:30,75.00,INR,FuelPoint,Fuel,Pune,IN,POS,chip_pin,APPROVED,,0,,75.00,15,0,,IN,18.512510,73.855123
txn_00125_982a2277,ACC3230,CUST49378,RUPAY,CREDIT,Branded Cards,2025-10-14T16:34:07.438179+05:30,117.55,INR,StarCinemas,Entertainment,Delhi,IN,POS,contactless,APPROVED,,0,,117.55,26,0,,IN,28.736454,77.117604
txn_00126_ee9bf3e1,ACC4273,CUST87624,MASTERCARD,DEBIT,Branded Cards,2025-08-19T07:58:48.438179+05:30,89.59,INR,PowerGrid,Utilities,Kolkata,IN,ATM,atm_pin,APPROVED,,0,,89.59,29,0,,IN,22.601187,88.350402
txn_00127_12ef6101,ACC8357,CUST88372,VISA,DEBIT,Branded Cards,2025-09-04T17:19:56.438179+05:30,113.85,INR,UrbanCart,Ecomm,Hyderabad,IN,ECOM,online,DECLINED,NETWORK_ERROR,0,,113.85,41,0,dev_ca6c521d13,IN,,
txn_00128_fbcdbf5e,ACC7547,CUST53463,RUPAY,DEBIT,Branded Cards,2025-09-17T10:40:25.438179+05:30,75.00,INR,QuickServices,Other,Chennai,IN,ECOM,online,APPROVED,,0,,75.00,53,0,dev_0b9cd8758b,IN,,
txn_00129_15fa9483,ACC2901,CUST28569,VISA,CREDIT,Branded Cards,2025-10-08T03:10:31.438179+05:30,92.83,INR,SpiceTrail,Dining,Pune,IN,POS,contactless,APPROVED,,0,,92.83,6,0,,IN,18.499943,73.898755
txn_00130_ccd015c1,ACC3692,CUST41970,AMEX,DEBIT,Branded Cards,2025-08-26T08:10:46.438179+05:30,227.30,INR,ClickBazaar,Ecomm,Ahmedabad,IN,POS,chip_pin,APPROVED,,0,,227.30,12,0,,IN,23.006808,72.532336
txn_00131_638abdf6,ACC1072,CUST38153,MASTERCARD,DEBIT,Branded Cards,2025-11-14T04:23:48.438179+05:30,96.34,INR,LocalStore,Other,Ahmedabad,IN,POS,contactless,APPROVED,,0,,96.34,52,0,,IN,22.992232,72.580620
txn_00132_591196dc,ACC6766,CUST70012,VISA,CREDIT,Branded Cards,2025-07-31T08:14:58.438179+05:30,75.00,INR,QuickServices,Other,Chennai,IN,POS,contactless,APPROVED,,0,,75.00,25,0,,IN,13.093831,80.279400
txn_00133_eb4e2281,ACC3838,CUST82733,AMEX,CREDIT,Branded Cards,2025-11-23T20:42:13.438179+05:30,176.14,INR,CityCab,Travel,Mumbai,IN,POS,chip_pin,APPROVED,,0,,176.14,29,0,,IN,19.074667,72.881438
txn_00134_d703262f,ACC8272,CUST74054,AMEX,CREDIT,Branded Cards,2025-11-24T11:31:16.438179+05:30,150.74,INR,CityCab,Travel,Ahmedabad,IN,POS,contactless,APPROVED,,0,,150.74,46,0,,IN,23.040970,72.562963
txn_00135_8b0901ab,ACC7010,CUST81046,VISA,CREDIT,Branded Cards,2025-12-25T22:27:41.438179+05:30,214.10,INR,SpiceTrail,Dining,Hyderabad,IN,POS,contactless,APPROVED,,0,,214.10,40,0,,IN,17.392271,78.463489
txn_00136_b06b0f0c,ACC6744,CUST89988,MASTERCARD,DEBIT,Branded Cards,2025-07-27T22:56:31.438179+05:30,197.13,INR,FuelPoint,Fuel,Pune,IN,POS,chip_pin,APPROVED,,0,,197.13,54,0,,IN,18.491388,73.880461
txn_00137_ade68f51,ACC2560,CUST27771,MASTERCARD,CREDIT,Branded Cards,2025-09-22T12:22:21.438179+05:30,507.81,INR,ShopSphere,Ecomm,Bangalore,IN,POS,contactless,APPROVED,,0,,507.81,37,0,,IN,,
txn_00138_135508d0,ACC2525,CUST62802,AMEX,CREDIT,Branded Cards,2025-08-27T04:24:04.438179+05:30,362.06,INR,SkyRoute,Travel,Delhi,IN,ECOM,online,APPROVED,,0,,362.06,45,0,dev_606a0aa7d5,IN,,
txn_00139_d3293724,ACC4470,CUST74843,AMEX,DEBIT,Branded Cards,2025-10-29T02:46:33.438179+05:30,285.65,INR,FunZone,Entertainment,Bangalore,IN,ECOM,online,APPROVED,,0,,285.65,44,0,dev_3765d0b517,IN,,
txn_00140_002c4c22,ACC8009,CUST36518,AMEX,DEBIT,Branded Cards,2025-07-13T09:43:41.438179+05:30,163.26,INR,CityServices,Other,Delhi,IN,POS,contactless,APPROVED,,0,,163.26,6,0,,IN,28.739865,77.096629
txn_00141_7a10013f,ACC2276,CUST27393,AMEX,CREDIT,Branded Cards,2025-08-07T06:17:44.438179+05:30,190.63,INR,SpiceTrail,Dining,Chennai,IN,POS,contactless,APPROVED,,0,,190.63,32,0,,IN,13.103070,80.220809
txn_00142_231ae7c7,ACC7270,CUST27451,RUPAY,CREDIT,Branded Cards,2025-07-25T09:19:47.438179+05:30,75.00,INR,GreenLeaf Grocers,Grocery,Chennai,IN,ECOM,online,APPROVED,,0,,75.00,36,0,dev_5e5037cd6b,IN,,
txn_00143_1f873b46,ACC7291,CUST56076,VISA,CREDIT,Branded Cards,2025-09-18T03:04:49.438179+05:30,228.87,INR,CityCab,Travel,Chennai,IN,ECOM,online,APPROVED,,0,,228.87,65,0,dev_2319b814fc,IN,,
txn_00144_6449cb6f,ACC5842,CUST94694,MASTERCARD,CREDIT,Branded Cards,2025-12-23T05:49:01.438179+05:30,210.25,INR,TasteHub,Dining,Mumbai,IN,POS,contactless,APPROVED,,0,,210.25,24,0,,IN,19.086693,72.846565
txn_00145_12af97e4,ACC1273,CUST86986,RUPAY,DEBIT,Branded Cards,2025-12-19T14:01:44.438179+05:30,183.97,INR,SpeedFuel,Fuel,Ahmedabad,IN,ECOM,online,DECLINED,INSUFFICIENT_FUNDS,0,,183.97,66,0,dev_78c34201db,IN,,
txn_00146_3404c02a,ACC3545,CUST80305,AMEX,CREDIT,Branded Cards,2025-10-14T00:18:18.438179+05:30,100.77,INR,FreshBasket,Grocery,Kolkata,IN,POS,contactless,APPROVED,,0,,100.77,14,0,,IN,22.553591,88.365030
txn_00147_b538f96c,ACC3248,CUST11487,VISA,DEBIT,Branded Cards,2025-11-24T20:27:26.438179+05:30,83.29,INR,WellnessRx,Pharmacy,Pune,IN,POS,chip_pin,APPROVED,,0,,83.29,47,0,,IN,18.544466,73.818644
txn_00148_13badc91,ACC9128,CUST69663,AMEX,DEBIT,Branded Cards,2025-08-28T01:25:09.438179+05:30,181.14,INR,CityCab,Travel,Delhi,IN,ECOM,online,APPROVED,,0,,181.14,57,0,dev_93f99cea5c,IN,,
txn_00149_6b5bc975,ACC4678,CUST52179,VISA,DEBIT,Branded Cards,2025-11-02T23:22:32.438179+05:30,75.00,INR,CityCab,Travel,Delhi,IN,POS,chip_pin,APPROVED,,0,,75.00,7,0,,IN,28.745495,77.126567
txn_00150_335f2f59,ACC5777,CUST83899,AMEX,DEBIT,Branded Cards,2025-10-19T15:51:31.438179+05:30,75.00,INR,FuelPoint,Fuel,Chennai,IN,POS,chip_pin,APPROVED,,0,,75.00,24,0,,IN,13.088009,80.221497
txn_00151_b186a5a8,ACC1157,CUST53911,MASTERCARD,DEBIT,Branded Cards,2026-01-04T14:35:57.438179+05:30,107.25,INR,NetConnect,Utilities,Ahmedabad,IN,ATM,atm_pin,APPROVED,,0,,107.25,31,0,,IN,23.026655,72.584994
txn_00152_bf7655d7,ACC2391,CUST86122,RUPAY,DEBIT,Branded Cards,2025-12-11T20:07:44.438179+05:30,75.00,INR,SpeedFuel,Fuel,Pune,IN,POS,chip_pin,APPROVED,,0,,75.00,38,0,,IN,18.559958,73.852546
txn_00153_f18cccdc,ACC4321,CUST27840,MASTERCARD,DEBIT,Branded Cards,2025-08-09T10:33:48.438179+05:30,75.00,INR,FuelPoint,Fuel,Bangalore,IN,POS,chip_pin,APPROVED,,0,,75.00,52,0,,IN,12.966876,77.567961
txn_00154_b46788bd,ACC1660,CUST38183,MASTERCARD,CREDIT,Branded Cards,2025-10-14T09:07:50.438179+05:30,127.00,INR,CityCab,Travel,Ahmedabad,IN,POS,chip_pin,APPROVED,,0,,127.00,12,0,,IN,23.053260,72.551821
txn_00155_1a16998c,ACC3290,CUST25919,VISA,CREDIT,Branded Cards,2026-01-02T12:17:08.438179+05:30,75.00,INR,AquaFlow,Utilities,Bangalore,IN,ECOM,online,APPROVED,,0,,75.00,46,0,dev_183ff6579e,IN,,
txn_00156_7184b713,ACC3110,CUST22055,MASTERCARD,CREDIT,Branded Cards,2025-10-13T10:04:12.438179+05:30,471.67,INR,UrbanCart,Ecomm,Chennai,IN,ECOM,online,APPROVED,,0,,471.67,58,0,dev_e7329fc417,IN,,
txn_00157_9d3616a1,ACC5026,CUST94840,VISA,DEBIT,Branded Cards,2025-10-21T20:22:01.438179+05:30,75.00,GBP,FreshBasket,Grocery,Kolkata,GB,ECOM,online,APPROVED,,1,97.94,7345.33,37,0,dev_26e2280fe3,IN,,
txn_00158_5beec570,ACC8859,CUST81371,RUPAY,DEBIT,Branded Cards,2025-09-03T02:00:18.438179+05:30,79.20,INR,FreshBasket,Grocery,Hyderabad,IN,POS,contactless,APPROVED,,0,,79.20,39,0,,IN,17.433940,78.514892
txn_00159_0e500785,ACC4594,CUST85457,AMEX,DEBIT,Branded Cards,2025-09-28T01:36:47.438179+05:30,91.85,GBP,SpiceTrail,Dining,Bangalore,GB,POS,chip_pin,DECLINED,INVALID_PIN,1,104.00,9552.43,73,0,,IN,,
txn_00160_8ac8ad93,ACC6063,CUST33010,MASTERCARD,CREDIT,Branded Cards,2025-09-02T13:08:56.438179+05:30,721.77,INR,ClickBazaar,Ecomm,Chennai,IN,ECOM,online,APPROVED,,0,,721.77,48,0,dev_cffcedf994,IN,,
txn_00161_24435958,ACC2817,CUST78982,VISA,CREDIT,Branded Cards,2025-10-04T11:53:25.438179+05:30,82.62,INR,ClickBazaar,Ecomm,Pune,IN,POS,contactless,DECLINED,LIMIT_EXCEEDED,0,,82.62,25,0,,IN,18.485171,73.877170
txn_00162_b18d2c8c,ACC6846,CUST39260,AMEX,DEBIT,Branded Cards,2025-07-18T17:05:17.438179+05:30,99.62,INR,MetroPetro,Fuel,Hyderabad,IN,POS,chip_pin,APPROVED,,0,,99.62,50,0,,IN,,
txn_00163_2401342a,ACC6425,CUST20198,MASTERCARD,DEBIT,Branded Cards,2025-11-06T01:54:14.438179+05:30,279.98,INR,TasteHub,Dining,Hyderabad,IN,POS,chip_pin,APPROVED,,0,,279.98,44,0,,IN,17.391555,78.530369
txn_00164_e271fff9,ACC7783,CUST74629,AMEX,CREDIT,Branded Cards,2025-10-01T01:44:35.438179+05:30,75.00,INR,FuelPoint,Fuel,Chennai,IN,POS,contactless,APPROVED,,0,,75.00,8,0,,IN,13.105958,80.317610
txn_00165_5683ede0,ACC8909,CUST14062,RUPAY,CREDIT,Branded Cards,2025-09-16T14:43:58.438179+05:30,75.00,USD,PlayArena,Entertainment,Pune,US,POS,chip_pin,APPROVED,,1,79.74,5980.27,69,0,,IN,18.564583,73.904504
txn_00166_d700b461,ACC9043,CUST30131,MASTERCARD,DEBIT,Branded Cards,2025-12-23T01:23:37.438179+05:30,697.62,INR,SkyRoute,Travel,Mumbai,IN,POS,chip_pin,APPROVED,,0,,697.62,24,0,,IN,19.030964,72.884877
txn_00167_1754bf08,ACC9914,CUST60793,VISA,DEBIT,Branded Cards,2025-11-19T01:01:21.438179+05:30,165.00,INR,MetroPetro,Fuel,Ahmedabad,IN,POS,chip_pin,APPROVED,,0,,165.00,55,0,,IN,23.021410,72.587504
txn_00168_f8802878,ACC4727,CUST82561,RUPAY,DEBIT,Branded Cards,2025-12-21T00:26:13.438179+05:30,298.06,INR,CityCab,Travel,Bangalore,IN,POS,contactless,APPROVED,,0,,298.06,11,0,,IN,12.955979,77.598745
txn_00169_72f444ab,ACC3832,CUST31910,RUPAY,DEBIT,Branded Cards,2025-11-12T07:30:51.438179+05:30,682.79,INR,UrbanCart,Ecomm,Hyderabad,IN,POS,chip_pin,APPROVED,,0,,682.79,12,0,,IN,,
txn_00170_eacb1f6d,ACC1202,CUST91665,MASTERCARD,CREDIT,Branded Cards,2025-08-07T19:30:18.438179+05:30,75.00,INR,MediPlus,Pharmacy,Kolkata,IN,POS,chip_pin,APPROVED,,0,,75.00,30,0,,IN,22.608262,88.365869
txn_00171_e0bda1ee,ACC7732,CUST44620,RUPAY,CREDIT,Branded Cards,2025-09-28T14:41:27.438179+05:30,75.00,INR,MediPlus,Pharmacy,Delhi,IN,POS,chip_pin,APPROVED,,0,,75.00,39,0,,IN,,
txn_00172_052dfb9a,ACC6535,CUST49722,RUPAY,DEBIT,Branded Cards,2025-10-18T04:19:26.438179+05:30,75.00,INR,FreshBasket,Grocery,Hyderabad,IN,POS,contactless,DECLINED,INVALID_PIN,0,,75.00,22,0,,IN,,
txn_00173_7c059799,ACC9462,CUST59009,RUPAY,CREDIT,Branded Cards,2025-12-21T19:46:14.438179+05:30,177.30,INR,ShopSphere,Ecomm,Hyderabad,IN,ATM,atm_pin,APPROVED,,0,,177.30,17,0,,IN,17.426343,78.477417
txn_00174_1fb621ae,ACC1500,CUST41711,MASTERCARD,CREDIT,Branded Cards,2025-10-01T20:44:05.438179+05:30,75.00,INR,TasteHub,Dining,Kolkata,IN,POS,chip_pin,APPROVED,,0,,75.00,28,0,,IN,22.573113,88.377441
txn_00175_c7a2f280,ACC4511,CUST39012,RUPAY,CREDIT,Branded Cards,2025-07-24T06:20:06.438179+05:30,75.00,INR,PlayArena,Entertainment,Chennai,IN,POS,contactless,APPROVED,,0,,75.00,15,0,,IN,,
txn_00176_409ca8f2,ACC6004,CUST94245,MASTERCARD,DEBIT,Branded Cards,2025-10-26T23:06:02.438179+05:30,75.00,INR,WellnessRx,Pharmacy,Bangalore,IN,ECOM,online,APPROVED,,0,,75.00,31,0,dev_02cd0579e2,IN,,
txn_00177_a3fe0479,ACC6327,CUST46291,RUPAY,DEBIT,Branded Cards,2025-10-30T14:38:33.438179+05:30,84.31,AED,FunZone,Entertainment,Pune,AE,POS,contactless,APPROVED,,1,23.37,1970.22,66,0,,IN,18.476784,73.905536
txn_00178_4269c28c,ACC7857,CUST63031,AMEX,CREDIT,Branded Cards,2025-09-28T13:14:42.438179+05:30,369.50,INR,RailEase,Travel,Pune,IN,ECOM,online,APPROVED,,0,,369.50,35,0,dev_7fa7c854e4,IN,,
txn_00179_c34e9baf,ACC3999,CUST99091,MASTERCARD,DEBIT,Branded Cards,2025-10-11T14:42:13.438179+05:30,265.47,INR,ClickBazaar,Ecomm,Ahmedabad,IN,ECOM,online,APPROVED,,0,,265.47,52,0,dev_b9423701f1,IN,,
txn_00180_e3b16d36,ACC4187,CUST75598,VISA,CREDIT,Branded Cards,2025-12-06T00:38:05.438179+05:30,75.00,INR,PowerGrid,Utilities,Hyderabad,IN,POS,contactless,APPROVED,,0,,75.00,45,0,,IN,17.429430,78.443822
txn_00181_c3b534db,ACC3595,CUST74169,AMEX,DEBIT,Branded Cards,2025-12-14T09:49:10.438179+05:30,75.00,INR,FreshBasket,Grocery,Delhi,IN,ATM,atm_pin,APPROVED,,0,,75.00,33,0,,IN,28.730219,77.069361
txn_00182_b18ad67d,ACC6641,CUST50906,RUPAY,DEBIT,Branded Cards,2025-12-03T10:47:29.438179+05:30,129.51,INR,HealthFirst,Pharmacy,Ahmedabad,IN,POS,chip_pin,APPROVED,,0,,129.51,6,0,,IN,23.035169,72.546282
txn_00183_303cb04b,ACC3701,CUST62873,RUPAY,DEBIT,Branded Cards,2026-01-01T06:12:52.438179+05:30,286.21,INR,SkyRoute,Travel,Bangalore,IN,POS,contactless,APPROVED,,0,,286.21,13,0,,IN,13.011738,77.580525
txn_00184_a976dc4d,ACC2771,CUST95664,MASTERCARD,CREDIT,Branded Cards,2025-12-31T12:46:29.438179+05:30,429.41,INR,ClickBazaar,Ecomm,Bangalore,IN,POS,chip_pin,APPROVED,,0,,429.41,54,0,,IN,12.926459,77.644068
txn_00185_d4a5a81e,ACC2718,CUST77054,VISA,DEBIT,Branded Cards,2025-07-31T10:14:40.438179+05:30,75.00,INR,FunZone,Entertainment,Mumbai,IN,POS,contactless,APPROVED,,0,,75.00,38,0,,IN,19.086563,72.841416
txn_00186_54a27051,ACC4842,CUST10358,AMEX,CREDIT,Branded Cards,2026-01-02T11:17:26.438179+05:30,75.00,INR,MetroPetro,Fuel,Pune,IN,POS,contactless,APPROVED,,0,,75.00,40,0,,IN,18.491169,73.900012
txn_00187_5c370739,ACC6123,CUST65836,VISA,DEBIT,Branded Cards,2025-12-07T11:04:20.438179+05:30,112.03,INR,SkyRoute,Travel,Mumbai,IN,ECOM,online,APPROVED,,0,,112.03,35,0,dev_da0a190939,IN,,
txn_00188_62be4009,ACC8835,CUST65278,VISA,CREDIT,Branded Cards,2025-07-23T08:27:31.438179+05:30,308.61,INR,RailEase,Travel,Delhi,IN,POS,contactless,APPROVED,,0,,308.61,12,0,,IN,28.750331,77.079683
txn_00189_ba2eeeb3,ACC3140,CUST73318,VISA,CREDIT,Branded Cards,2025-09-03T10:25:09.438179+05:30,75.00,INR,FreshBasket,Grocery,Mumbai,IN,POS,contactless,APPROVED,,0,,75.00,27,0,,IN,19.112258,72.915695
txn_00190_84e3b774,ACC9570,CUST91033,RUPAY,DEBIT,Branded Cards,2025-12-11T22:46:17.438179+05:30,88.36,INR,FreshBasket,Grocery,Hyderabad,IN,ECOM,online,DECLINED,LIMIT_EXCEEDED,0,,88.36,38,0,dev_dfab7aeb66,IN,,
txn_00191_0ce3c8c8,ACC9305,CUST39190,MASTERCARD,DEBIT,Branded Cards,2025-08-17T15:06:31.438179+05:30,80.67,INR,NetConnect,Utilities,Kolkata,IN,POS,chip_pin,DECLINED,SUSPECTED_FRAUD,0,,80.67,53,0,,IN,22.546689,88.410915
txn_00192_e3de4ec0,ACC9328,CUST83706,RUPAY,DEBIT,Branded Cards,2025-11-13T14:41:52.438179+05:30,224.22,INR,ShopSphere,Ecomm,Ahmedabad,IN,POS,contactless,APPROVED,,0,,224.22,10,0,,IN,23.068817,72.585154
txn_00193_38c46b38,ACC1035,CUST54742,RUPAY,DEBIT,Branded Cards,2025-10-06T15:27:36.438179+05:30,144.46,INR,PowerGrid,Utilities,Pune,IN,ECOM,online,APPROVED,,0,,144.46,59,0,dev_c218f1a1e4,IN,,
txn_00194_a21c0c06,ACC3018,CUST69048,AMEX,DEBIT,Branded Cards,2025-09-09T14:33:26.438179+05:30,81.03,INR,SpeedFuel,Fuel,Delhi,IN,POS,contactless,APPROVED,,0,,81.03,50,0,,IN,28.729815,77.057150
txn_00195_1a82833c,ACC7347,CUST96182,MASTERCARD,DEBIT,Branded Cards,2025-08-04T16:27:41.438179+05:30,82.17,INR,GreenLeaf Grocers,Grocery,Bangalore,IN,POS,contactless,APPROVED,,0,,82.17,16,0,,IN,12.938965,77.626124
txn_00196_8325bd9e,ACC5897,CUST81802,AMEX,DEBIT,Branded Cards,2025-10-16T18:22:32.438179+05:30,75.00,INR,WellnessRx,Pharmacy,Pune,IN,POS,contactless,APPROVED,,0,,75.00,49,0,,IN,,
txn_00197_7af985ff,ACC7839,CUST98374,MASTERCARD,CREDIT,Branded Cards,2025-08-22T04:07:14.438179+05:30,128.24,INR,ClickBazaar,Ecomm,Hyderabad,IN,ECOM,online,APPROVED,,0,,128.24,52,0,dev_5ac2c226ff,IN,,
txn_00198_c8cba592,ACC5835,CUST36738,RUPAY,CREDIT,Branded Cards,2025-08-20T13:21:17.438179+05:30,100.17,INR,QuickServices,Other,Bangalore,IN,POS,chip_pin,APPROVED,,0,,100.17,23,0,,IN,12.936243,77.550803
txn_00199_6aa415b5,ACC6122,CUST82368,AMEX,DEBIT,Branded Cards,2025-12-23T14:03:32.438179+05:30,316.08,INR,FuelPoint,Fuel,Pune,IN,ECOM,online,APPROVED,,0,,316.08,41,0,dev_61ed2e1bcd,IN,,
txn_00200_bc2e2b59,ACC9418,CUST25643,AMEX,CREDIT,Branded Cards,2025-10-01T13:03:05.438179+05:30,75.00,INR,StarCinemas,Entertainment,Chennai,IN,ECOM,online,APPROVED,,0,,75.00,28,0,dev_f62fddb26a,IN,,
txn_00201_d7d80594,ACC5934,CUST74297,RUPAY,DEBIT,Branded Cards,2025-08-11T18:30:01.438179+05:30,75.00,INR,LocalStore,Other,Delhi,IN,POS,contactless,DECLINED,NETWORK_ERROR,0,,75.00,25,0,,IN,28.731466,77.115037
txn_00202_5c5d3f1b,ACC5809,CUST38632,AMEX,CREDIT,Branded Cards,2025-07-30T19:12:58.438179+05:30,75.00,INR,NetConnect,Utilities,Pune,IN,ATM,atm_pin,APPROVED,,0,,75.00,27,0,,IN,18.491735,73.839888
txn_00203_83a9c235,ACC9335,CUST68400,RUPAY,CREDIT,Branded Cards,2025-09-03T12:56:04.438179+05:30,183.06,INR,FuelPoint,Fuel,Chennai,IN,POS,chip_pin,APPROVED,,0,,183.06,23,0,,IN,13.084387,80.297749
txn_00204_d5ee2587,ACC2702,CUST36945,AMEX,CREDIT,Branded Cards,2025-08-20T22:41:04.438179+05:30,81.68,INR,NetConnect,Utilities,Mumbai,IN,ATM,atm_pin,APPROVED,,0,,81.68,47,0,,IN,19.047318,72.896241
txn_00205_50ffde64,ACC1276,CUST61052,VISA,CREDIT,Branded Cards,2025-07-17T10:13:25.438179+05:30,81.44,INR,DailyMart,Grocery,Chennai,IN,POS,chip_pin,DECLINED,INVALID_PIN,0,,81.44,21,0,,IN,13.077813,80.261145
txn_00206_2804d0ac,ACC9740,CUST38818,VISA,CREDIT,Branded Cards,2025-12-02T00:17:43.438179+05:30,85.86,INR,GreenLeaf Grocers,Grocery,Mumbai,IN,POS,chip_pin,APPROVED,,0,,85.86,33,0,,IN,19.108212,72.830782
txn_00207_bf905d6a,ACC6633,CUST37752,AMEX,CREDIT,Branded Cards,2025-09-21T15:00:48.438179+05:30,75.00,INR,TasteHub,Dining,Chennai,IN,ATM,atm_pin,DECLINED,LIMIT_EXCEEDED,0,,75.00,30,0,,IN,13.127398,80.251169
txn_00208_54b2a582,ACC6851,CUST26805,MASTERCARD,CREDIT,Branded Cards,2025-07-17T14:39:57.438179+05:30,318.42,INR,SkyRoute,Travel,Hyderabad,IN,POS,chip_pin,APPROVED,,0,,318.42,21,0,,IN,17.407559,78.485419
txn_00209_cec56969,ACC6182,CUST66139,MASTERCARD,CREDIT,Branded Cards,2025-11-23T14:21:18.438179+05:30,87.57,INR,TasteHub,Dining,Mumbai,IN,ECOM,online,APPROVED,,0,,87.57,40,0,dev_9190c80420,IN,,
txn_00210_14fc3a5d,ACC5597,CUST28350,AMEX,CREDIT,Branded Cards,2025-08-21T07:22:45.438179+05:30,440.43,INR,ClickBazaar,Ecomm,Kolkata,IN,POS,contactless,APPROVED,,0,,440.43,24,0,,IN,22.533483,88.378455
txn_00211_bbb4c0ce,ACC5767,CUST27548,AMEX,CREDIT,Branded Cards,2025-09-08T20:17:08.438179+05:30,75.00,INR,SpeedFuel,Fuel,Bangalore,IN,ECOM,online,APPROVED,,0,,75.00,54,0,dev_c5e4354021,IN,,
txn_00212_a8cf4f62,ACC3395,CUST73373,VISA,DEBIT,Branded Cards,2025-10-06T13:03:34.438179+05:30,128.45,INR,NetConnect,Utilities,Bangalore,IN,ECOM,online,APPROVED,,0,,128.45,53,0,dev_902ddc756b,IN,,
txn_00213_f7ebc69a,ACC9542,CUST93042,MASTERCARD,DEBIT,Branded Cards,2025-10-27T04:56:38.438179+05:30,516.81,INR,ShopSphere,Ecomm,Hyderabad,IN,POS,chip_pin,APPROVED,,0,,516.81,7,0,,IN,17.399852,78.447023
txn_00214_8078636d,ACC3276,CUST67658,MASTERCARD,DEBIT,Branded Cards,2025-11-24T06:09:26.438179+05:30,75.00,INR,HealthFirst,Pharmacy,Mumbai,IN,POS,contactless,APPROVED,,0,,75.00,27,0,,IN,19.074211,72.888121
txn_00215_05bf0618,ACC4992,CUST15655,VISA,DEBIT,Branded Cards,2025-12-03T17:39:03.438179+05:30,223.19,INR,ShopSphere,Ecomm,Delhi,IN,POS,chip_pin,APPROVED,,0,,223.19,35,0,,IN,28.670225,77.135836
txn_00216_72fefdc2,ACC8723,CUST73133,MASTERCARD,CREDIT,Branded Cards,2025-11-23T06:32:39.438179+05:30,236.51,INR,QuickServices,Other,Delhi,IN,POS,contactless,APPROVED,,0,,236.51,51,0,,IN,28.682445,77.061075
txn_00217_6b77af9e,ACC3450,CUST89365,RUPAY,CREDIT,Branded Cards,2025-12-12T08:04:16.438179+05:30,84.13,INR,RailEase,Travel,Hyderabad,IN,POS,contactless,APPROVED,,0,,84.13,6,0,,IN,17.420959,78.487136
txn_00218_3abf9c65,ACC8899,CUST59969,RUPAY,CREDIT,Branded Cards,2025-10-07T17:05:04.438179+05:30,101.83,INR,CityServices,Other,Mumbai,IN,POS,chip_pin,APPROVED,,0,,101.83,31,0,,IN,19.030344,72.880682
txn_00219_850f1cdc,ACC1117,CUST59155,VISA,DEBIT,Branded Cards,2025-07-22T07:03:07.438179+05:30,243.28,INR,CityCab,Travel,Ahmedabad,IN,ECOM,online,APPROVED,,0,,243.28,44,0,dev_8593f6f723,US,,
txn_00220_7b8301cf,ACC3928,CUST58524,AMEX,DEBIT,Branded Cards,2025-08-14T18:19:38.438179+05:30,174.26,INR,PowerGrid,Utilities,Delhi,IN,POS,contactless,APPROVED,,0,,174.26,30,0,,IN,28.695423,77.130879
txn_00221_19abdc15,ACC4513,CUST76629,RUPAY,DEBIT,Branded Cards,2025-09-25T02:12:32.438179+05:30,112.74,INR,TasteHub,Dining,Chennai,IN,ECOM,online,APPROVED,,0,,112.74,27,0,dev_b3c879d932,IN,,
txn_00222_09aa5570,ACC7296,CUST62513,VISA,CREDIT,Branded Cards,2025-07-31T14:38:25.438179+05:30,82.53,INR,WellnessRx,Pharmacy,Bangalore,IN,ECOM,online,APPROVED,,0,,82.53,55,0,dev_145eef0d1e,IN,,
txn_00223_093b4d72,ACC6893,CUST41359,AMEX,CREDIT,Branded Cards,2025-07-22T14:31:14.438179+05:30,298.69,INR,RailEase,Travel,Ahmedabad,IN,POS,chip_pin,APPROVED,,0,,298.69,37,0,,IN,22.995667,72.538348
txn_00224_591cc524,ACC6693,CUST46242,MASTERCARD,CREDIT,Branded Cards,2025-11-08T16:27:14.438179+05:30,192.09,INR,Cafe Mosaic,Dining,Chennai,IN,ECOM,online,APPROVED,,0,,192.09,54,0,dev_ea8f221604,IN,,
txn_00225_d02a6cbb,ACC5098,CUST68034,MASTERCARD,DEBIT,Branded Cards,2025-09-30T18:01:36.438179+05:30,75.00,INR,WellnessRx,Pharmacy,Bangalore,IN,POS,contactless,APPROVED,,0,,75.00,12,0,,IN,13.017271,77.632211
txn_00226_6994bf84,ACC6785,CUST77699,RUPAY,CREDIT,Branded Cards,2025-08-21T14:10:37.438179+05:30,88.03,INR,AquaFlow,Utilities,Ahmedabad,IN,ECOM,online,APPROVED,,0,,88.03,37,0,dev_3ab38046ef,IN,,
txn_00227_2ecaf629,ACC4115,CUST75404,AMEX,CREDIT,Branded Cards,2025-11-15T05:58:48.438179+05:30,172.14,INR,SpiceTrail,Dining,Kolkata,IN,ECOM,online,APPROVED,,0,,172.14,34,0,dev_92e4f1e8e8,IN,,
txn_00228_c3a58237,ACC9871,CUST15539,MASTERCARD,DEBIT,Branded Cards,2025-09-04T01:00:58.438179+05:30,224.29,INR,ShopSphere,Ecomm,Pune,IN,ECOM,online,APPROVED,,0,,224.29,17,0,dev_9d7e1f48c4,IN,,
txn_00229_08560684,ACC9232,CUST55519,AMEX,DEBIT,Branded Cards,2025-09-27T08:10:00.438179+05:30,75.00,INR,Cafe Mosaic,Dining,Delhi,IN,ATM,atm_pin,APPROVED,,0,,75.00,8,0,,IN,28.696418,77.146465
txn_00230_3cb526d7,ACC5413,CUST71780,RUPAY,CREDIT,Branded Cards,2025-08-02T02:02:21.438179+05:30,75.00,INR,LocalStore,Other,Chennai,IN,ECOM,online,DECLINED,SUSPECTED_FRAUD,0,,75.00,33,0,dev_8c2fe938e4,IN,,
txn_00231_cdd8af09,ACC4863,CUST82789,AMEX,CREDIT,Branded Cards,2025-09-17T00:39:48.438179+05:30,75.00,INR,FunZone,Entertainment,Pune,IN,POS,contactless,APPROVED,,0,,75.00,41,0,,IN,18.551819,73.878782
txn_00232_65fdaadb,ACC2621,CUST31409,MASTERCARD,CREDIT,Branded Cards,2025-12-21T06:41:10.438179+05:30,274.34,INR,CityCab,Travel,Bangalore,IN,POS,contactless,APPROVED,,0,,274.34,36,0,,IN,12.977814,77.601383
txn_00233_c655a597,ACC8322,CUST20277,AMEX,DEBIT,Branded Cards,2025-09-29T16:11:17.438179+05:30,84.91,INR,MetroPetro,Fuel,Chennai,IN,POS,contactless,APPROVED,,0,,84.91,54,0,,IN,13.065209,80.271744
txn_00234_e33fc52c,ACC8289,CUST57600,AMEX,DEBIT,Branded Cards,2025-08-07T19:33:51.438179+05:30,131.11,INR,SkyRoute,Travel,Chennai,IN,POS,contactless,APPROVED,,0,,131.11,23,0,,IN,13.093238,80.260246
txn_00235_0dc78104,ACC1431,CUST62037,RUPAY,DEBIT,Branded Cards,2025-08-24T11:30:00.438179+05:30,223.01,INR,SkyRoute,Travel,Bangalore,IN,POS,chip_pin,APPROVED,,0,,223.01,11,0,,IN,13.015279,77.591919
txn_00236_79e546e7,ACC8654,CUST80855,VISA,DEBIT,Branded Cards,2025-10-27T18:33:33.438179+05:30,79.35,INR,SkyRoute,Travel,Kolkata,IN,POS,chip_pin,APPROVED,,0,,79.35,7,0,,IN,22.608637,88.346420
txn_00237_3a2516fe,ACC2467,CUST67915,RUPAY,CREDIT,Branded Cards,2025-10-19T01:12:48.438179+05:30,78.81,INR,QuickServices,Other,Ahmedabad,IN,ECOM,online,APPROVED,,0,,78.81,51,0,dev_7b58e0058f,IN,,
txn_00238_8c57a277,ACC7121,CUST34716,RUPAY,DEBIT,Branded Cards,2025-09-21T18:07:19.438179+05:30,359.34,INR,CityCab,Travel,Bangalore,IN,POS,chip_pin,APPROVED,,0,,359.34,32,0,,IN,12.981300,77.624277
txn_00239_48e09502,ACC9715,CUST45235,RUPAY,DEBIT,Branded Cards,2025-09-22T07:41:10.438179+05:30,384.96,INR,ShopSphere,Ecomm,Kolkata,IN,ECOM,online,APPROVED,,0,,384.96,34,0,dev_afb1a50a3d,IN,,
txn_00240_4838a888,ACC5410,CUST26389,VISA,CREDIT,Branded Cards,2025-09-15T14:13:56.438179+05:30,176.38,INR,CityCab,Travel,Mumbai,IN,ECOM,online,APPROVED,,0,,176.38,43,0,dev_2f05aa5eab,DE,,
txn_00241_785b8a07,ACC3975,CUST35191,MASTERCARD,CREDIT,Branded Cards,2025-11-02T00:38:17.438179+05:30,473.91,INR,SkyRoute,Travel,Ahmedabad,IN,POS,contactless,APPROVED,,0,,473.91,14,0,,IN,23.050065,72.528538
txn_00242_a110e887,ACC1691,CUST82034,VISA,CREDIT,Branded Cards,2025-08-25T10:05:02.438179+05:30,75.00,INR,UrbanCart,Ecomm,Ahmedabad,IN,POS,chip_pin,APPROVED,,0,,75.00,29,0,,IN,23.003711,72.553706
txn_00243_95aeb18b,ACC2960,CUST61879,AMEX,DEBIT,Branded Cards,2025-11-04T14:12:21.438179+05:30,75.00,INR,SpiceTrail,Dining,Chennai,IN,ECOM,online,APPROVED,,0,,75.00,34,0,dev_cb2ad820ca,IN,,
txn_00244_5115d7ee,ACC6690,CUST67503,VISA,DEBIT,Branded Cards,2025-11-17T13:45:13.438179+05:30,305.24,INR,CityCab,Travel,Mumbai,IN,POS,contactless,APPROVED,,0,,305.24,49,0,,IN,19.036739,72.876484
txn_00245_ea1af7d2,ACC3627,CUST19027,RUPAY,DEBIT,Branded Cards,2025-08-23T08:53:12.438179+05:30,241.80,INR,CityCab,Travel,Bangalore,IN,POS,contactless,APPROVED,,0,,241.80,25,0,,IN,12.949132,77.627735
txn_00246_89f90de9,ACC7348,CUST34886,RUPAY,DEBIT,Branded Cards,2025-08-23T20:24:57.438179+05:30,89.46,INR,TasteHub,Dining,Chennai,IN,POS,contactless,APPROVED,,0,,89.46,44,0,,IN,13.104800,80.286529
txn_00247_9b1fc6d1,ACC2161,CUST11715,MASTERCARD,DEBIT,Branded Cards,2025-11-12T14:39:21.438179+05:30,139.40,INR,AquaFlow,Utilities,Chennai,IN,POS,chip_pin,DECLINED,SUSPECTED_FRAUD,0,,139.40,44,0,,IN,13.058294,80.257335
txn_00248_19e9e3a4,ACC4784,CUST79685,RUPAY,CREDIT,Branded Cards,2025-09-29T07:37:59.438179+05:30,82.47,INR,PlayArena,Entertainment,Bangalore,IN,POS,contactless,APPROVED,,0,,82.47,24,0,,IN,12.943190,77.596549
txn_00249_66cc7376,ACC9268,CUST54238,MASTERCARD,CREDIT,Branded Cards,2025-07-21T08:46:19.438179+05:30,413.54,INR,RailEase,Travel,Kolkata,IN,ECOM,online,APPROVED,,0,,413.54,52,0,dev_2ecadec379,IN,,
txn_00250_ed17f6e9,ACC5162,CUST57187,RUPAY,DEBIT,Branded Cards,2025-09-11T22:14:17.438179+05:30,150.19,INR,NetConnect,Utilities,Chennai,IN,ECOM,online,APPROVED,,0,,150.19,52,0,dev_c460042231,IN,,
txn_00251_92174fb0,ACC3534,CUST22358,RUPAY,CREDIT,Branded Cards,2025-12-26T21:46:10.438179+05:30,75.00,INR,DailyMart,Grocery,Bangalore,IN,POS,contactless,DECLINED,SUSPECTED_FRAUD,0,,75.00,49,0,,IN,13.013511,77.595727
txn_00252_cafbc4fe,ACC8905,CUST32662,AMEX,CREDIT,Branded Cards,2025-09-02T17:33:04.438179+05:30,156.31,INR,CityCab,Travel,Chennai,IN,ECOM,online,APPROVED,,0,,156.31,37,0,dev_b913c37b5d,IN,,
txn_00253_3a0a2b59,ACC1187,CUST93084,VISA,DEBIT,Branded Cards,2025-07-28T00:36:18.438179+05:30,147.09,INR,GreenLeaf Grocers,Grocery,Kolkata,IN,POS,chip_pin,APPROVED,,0,,147.09,12,0,,IN,,
txn_00254_c0ba22a4,ACC9269,CUST21807,VISA,DEBIT,Branded Cards,2025-11-09T22:48:17.438179+05:30,75.00,INR,QuickServices,Other,Chennai,IN,POS,chip_pin,APPROVED,,0,,75.00,30,0,,IN,,
txn_00255_a6f9c0e1,ACC4212,CUST83553,AMEX,DEBIT,Branded Cards,2025-07-31T19:26:37.438179+05:30,229.44,INR,SkyRoute,Travel,Chennai,IN,POS,chip_pin,APPROVED,,0,,229.44,53,0,,IN,13.088630,80.269486
txn_00256_9dc0a8b5,ACC8245,CUST91681,MASTERCARD,CREDIT,Branded Cards,2025-11-28T22:29:39.438179+05:30,75.00,INR,MetroPetro,Fuel,Kolkata,IN,POS,chip_pin,APPROVED,,0,,75.00,46,0,,IN,22.553082,88.412665
txn_00257_c017466e,ACC5237,CUST81932,VISA,CREDIT,Branded Cards,2025-09-03T15:50:48.438179+05:30,75.00,EUR,ClickBazaar,Ecomm,Chennai,DE,POS,chip_pin,APPROVED,,1,96.83,7262.08,36,0,,IN,13.053888,80.275342
txn_00258_110c8d92,ACC7367,CUST96556,MASTERCARD,CREDIT,Branded Cards,2025-10-28T01:24:57.438179+05:30,83.78,INR,WellnessRx,Pharmacy,Bangalore,IN,POS,chip_pin,APPROVED,,0,,83.78,46,0,,IN,,
txn_00259_753e9662,ACC1352,CUST15210,VISA,CREDIT,Branded Cards,2025-11-02T19:15:20.438179+05:30,165.12,INR,TasteHub,Dining,Kolkata,IN,POS,contactless,APPROVED,,0,,165.12,43,0,,IN,22.541242,88.363965
txn_00260_e3f16406,ACC1482,CUST82737,AMEX,DEBIT,Branded Cards,2025-10-26T06:19:04.438179+05:30,75.00,INR,FunZone,Entertainment,Delhi,IN,POS,contactless,APPROVED,,0,,75.00,21,0,,IN,,
txn_00261_e8e46b31,ACC6395,CUST68873,MASTERCARD,DEBIT,Branded Cards,2025-08-20T09:44:00.438179+05:30,250.58,INR,WellnessRx,Pharmacy,Delhi,IN,POS,contactless,APPROVED,,0,,250.58,31,0,,IN,28.669375,77.149554
txn_00262_a7fecdcd,ACC3589,CUST51614,MASTERCARD,CREDIT,Branded Cards,2025-12-18T18:14:20.438179+05:30,75.82,INR,CityServices,Other,Pune,IN,ECOM,online,APPROVED,,0,,75.82,26,0,dev_c5f9cc83ed,IN,,
txn_00263_26e6a84a,ACC4079,CUST23994,VISA,CREDIT,Branded Cards,2025-12-03T07:48:16.438179+05:30,120.96,INR,PowerGrid,Utilities,Bangalore,IN,ECOM,online,APPROVED,,0,,120.96,34,0,dev_bdeee9795e,IN,,
txn_00264_794e0838,ACC3253,CUST31467,VISA,DEBIT,Branded Cards,2025-11-17T06:17:33.438179+05:30,246.59,INR,ClickBazaar,Ecomm,Pune,IN,POS,chip_pin,APPROVED,,0,,246.59,50,0,,IN,18.488798,73.845446
txn_00265_e338e579,ACC5043,CUST66040,VISA,DEBIT,Branded Cards,2025-09-24T13:00:29.438179+05:30,154.61,INR,DailyMart,Grocery,Kolkata,IN,POS,chip_pin,APPROVED,,0,,154.61,25,0,,IN,,
txn_00266_8420e0d8,ACC1807,CUST34884,RUPAY,DEBIT,Branded Cards,2025-10-22T22:31:38.438179+05:30,123.41,INR,WellnessRx,Pharmacy,Bangalore,IN,POS,contactless,APPROVED,,0,,123.41,39,0,,IN,12.995117,77.600370
txn_00267_f016716b,ACC9952,CUST27734,RUPAY,DEBIT,Branded Cards,2025-09-26T23:28:25.438179+05:30,75.00,INR,Cafe Mosaic,Dining,Delhi,IN,POS,chip_pin,APPROVED,,0,,75.00,10,0,,IN,28.665417,77.130373
txn_00268_1d39e9c2,ACC8362,CUST93109,AMEX,DEBIT,Branded Cards,2025-10-05T11:25:30.438179+05:30,75.00,INR,FreshBasket,Grocery,Ahmedabad,IN,POS,chip_pin,APPROVED,,0,,75.00,50,0,,IN,23.044337,72.533754
txn_00269_4f3c9771,ACC8311,CUST47851,RUPAY,CREDIT,Branded Cards,2025-07-29T07:57:07.438179+05:30,89.41,INR,WellnessRx,Pharmacy,Kolkata,IN,POS,chip_pin,APPROVED,,0,,89.41,14,0,,IN,22.593805,88.355858
txn_00270_e1d5c0dc,ACC9967,CUST46452,VISA,CREDIT,Branded Cards,2025-07-30T15:38:35.438179+05:30,121.94,INR,ShopSphere,Ecomm,Hyderabad,IN,POS,contactless,APPROVED,,0,,121.94,31,0,,IN,17.395122,78.437357
txn_00271_ac0e1f71,ACC5659,CUST90096,MASTERCARD,CREDIT,Branded Cards,2025-07-19T16:52:08.438179+05:30,520.49,INR,SkyRoute,Travel,Bangalore,IN,ECOM,online,DECLINED,INSUFFICIENT_FUNDS,0,,520.49,47,0,dev_2dfe656dcc,GB,,
txn_00272_dc0228af,ACC5496,CUST53150,MASTERCARD,DEBIT,Branded Cards,2025-08-23T23:27:59.438179+05:30,531.80,INR,PowerGrid,Utilities,Mumbai,IN,ECOM,online,APPROVED,,0,,531.80,90,1,dev_1f227197ca,GB,,
txn_00273_850b7073,ACC9154,CUST74553,MASTERCARD,CREDIT,Branded Cards,2025-11-19T16:20:35.438179+05:30,75.00,INR,FreshBasket,Grocery,Mumbai,IN,POS,contactless,APPROVED,,0,,75.00,44,0,,IN,19.038971,72.883963
txn_00274_3381001f,ACC5614,CUST43347,MASTERCARD,DEBIT,Branded Cards,2025-12-19T03:19:31.438179+05:30,190.80,INR,ShopSphere,Ecomm,Mumbai,IN,POS,chip_pin,APPROVED,,0,,190.80,27,0,,IN,19.089750,72.828830
txn_00275_e45def26,ACC9797,CUST53923,AMEX,DEBIT,Branded Cards,2025-09-08T23:27:34.438179+05:30,75.00,INR,FreshBasket,Grocery,Chennai,IN,POS,chip_pin,APPROVED,,0,,75.00,7,0,,IN,13.080850,80.283420
txn_00276_db9a0eb7,ACC6152,CUST14145,VISA,DEBIT,Branded Cards,2025-10-27T23:27:45.438179+05:30,232.88,INR,NetConnect,Utilities,Bangalore,IN,POS,contactless,APPROVED,,0,,232.88,43,0,,IN,12.999834,77.575428
txn_00277_0662200c,ACC8907,CUST75543,VISA,DEBIT,Branded Cards,2025-11-27T07:36:20.438179+05:30,90.40,INR,UrbanCart,Ecomm,Ahmedabad,IN,ECOM,online,APPROVED,,0,,90.40,49,0,dev_7117b4e75b,IN,,
txn_00278_1da76d69,ACC1067,CUST50760,AMEX,DEBIT,Branded Cards,2025-12-24T16:53:37.438179+05:30,90.90,INR,LocalStore,Other,Chennai,IN,POS,chip_pin,APPROVED,,0,,90.90,51,0,,IN,13.071459,80.307181
txn_00279_1e1e5d91,ACC5467,CUST29571,VISA,DEBIT,Branded Cards,2025-11-26T04:34:05.438179+05:30,75.00,INR,StarCinemas,Entertainment,Mumbai,IN,POS,contactless,DECLINED,INVALID_PIN,0,,75.00,23,0,,IN,19.057915,72.871812
txn_00280_214c87b1,ACC1475,CUST71700,VISA,CREDIT,Branded Cards,2025-07-17T12:41:38.438179+05:30,80.80,INR,CityServices,Other,Mumbai,IN,POS,contactless,APPROVED,,0,,80.80,24,0,,IN,19.059874,72.872065
txn_00281_c3b1927b,ACC8629,CUST84421,VISA,DEBIT,Branded Cards,2025-12-03T11:08:53.438179+05:30,230.00,INR,FreshBasket,Grocery,Kolkata,IN,POS,contactless,APPROVED,,0,,230.00,47,0,,IN,22.530455,88.406178
txn_00282_e1e538a1,ACC6320,CUST69412,RUPAY,CREDIT,Branded Cards,2025-09-03T13:25:45.438179+05:30,75.00,INR,FunZone,Entertainment,Ahmedabad,IN,POS,chip_pin,APPROVED,,0,,75.00,16,0,,IN,23.039018,72.600278
txn_00283_cadcc10f,ACC5949,CUST79828,VISA,DEBIT,Branded Cards,2025-09-08T23:56:16.438179+05:30,93.40,INR,MetroPetro,Fuel,Ahmedabad,IN,POS,chip_pin,APPROVED,,0,,93.40,50,0,,IN,23.005087,72.586345
txn_00284_2c4f5416,ACC2276,CUST85260,RUPAY,CREDIT,Branded Cards,2025-09-03T10:22:07.438179+05:30,643.17,INR,ClickBazaar,Ecomm,Delhi,IN,ATM,atm_pin,APPROVED,,0,,643.17,32,0,,IN,28.688320,77.121913
txn_00285_d1291d13,ACC3276,CUST86122,RUPAY,DEBIT,Branded Cards,2025-07-27T14:31:27.438179+05:30,127.85,INR,QuickServices,Other,Ahmedabad,IN,POS,contactless,DECLINED,INSUFFICIENT_FUNDS,0,,127.85,25,0,,IN,23.038516,72.530453
txn_00286_fb8a61eb,ACC6640,CUST21703,MASTERCARD,CREDIT,Branded Cards,2025-08-09T14:14:07.438179+05:30,75.00,INR,PlayArena,Entertainment,Hyderabad,IN,POS,contactless,APPROVED,,0,,75.00,48,0,,IN,17.429333,78.480173
txn_00287_9714fadc,ACC7459,CUST91948,RUPAY,CREDIT,Branded Cards,2025-10-16T00:35:38.438179+05:30,75.00,EUR,SpiceTrail,Dining,Chennai,DE,ECOM,online,APPROVED,,1,95.13,7134.90,86,1,dev_6e3c38c3f0,SG,,
txn_00288_2023fd4b,ACC3200,CUST11520,RUPAY,DEBIT,Branded Cards,2025-12-17T14:55:26.438179+05:30,75.00,INR,WellnessRx,Pharmacy,Pune,IN,ECOM,online,APPROVED,,0,,75.00,59,0,dev_49277e0fbc,IN,,
txn_00289_5af56a23,ACC4698,CUST34352,VISA,CREDIT,Branded Cards,2025-09-18T16:31:09.438179+05:30,238.80,INR,PlayArena,Entertainment,Kolkata,IN,ATM,atm_pin,APPROVED,,0,,238.80,34,0,,IN,22.577805,88.358905
txn_00290_dbfe679a,ACC5578,CUST70940,VISA,DEBIT,Branded Cards,2025-08-26T11:40:57.438179+05:30,299.51,INR,ClickBazaar,Ecomm,Hyderabad,IN,POS,contactless,DECLINED,INSUFFICIENT_FUNDS,0,,299.51,49,0,,IN,17.408019,78.489341
txn_00291_833de3ad,ACC8687,CUST85230,VISA,CREDIT,Branded Cards,2025-10-12T23:12:08.438179+05:30,246.36,INR,PlayArena,Entertainment,Mumbai,IN,ECOM,online,APPROVED,,0,,246.36,46,0,dev_7802c2b367,IN,,
txn_00292_0d36f5e4,ACC5780,CUST91830,AMEX,DEBIT,Branded Cards,2025-12-30T04:05:18.438179+05:30,109.58,INR,SpiceTrail,Dining,Bangalore,IN,ECOM,online,APPROVED,,0,,109.58,53,0,dev_2b94010dfe,IN,,
txn_00293_bd2cf4eb,ACC3476,CUST96396,RUPAY,CREDIT,Branded Cards,2025-09-13T01:04:05.438179+05:30,75.00,INR,RailEase,Travel,Mumbai,IN,ECOM,online,APPROVED,,0,,75.00,54,0,dev_e82cb37e23,IN,,
txn_00294_2ad3136f,ACC4454,CUST85727,MASTERCARD,DEBIT,Branded Cards,2025-10-09T12:33:11.438179+05:30,151.02,INR,UrbanCart,Ecomm,Delhi,IN,ECOM,online,APPROVED,,0,,151.02,57,0,dev_b970aff6eb,IN,,
txn_00295_deca8598,ACC8122,CUST11554,AMEX,CREDIT,Branded Cards,2025-10-23T22:11:24.438179+05:30,129.99,INR,FreshBasket,Grocery,Ahmedabad,IN,POS,contactless,APPROVED,,0,,129.99,48,0,,IN,23.019959,72.535915
txn_00296_acdfe0ff,ACC4961,CUST98065,RUPAY,DEBIT,Branded Cards,2025-08-08T07:26:02.438179+05:30,75.00,INR,CityServices,Other,Bangalore,IN,POS,contactless,APPROVED,,0,,75.00,11,0,,IN,12.980018,77.590711
txn_00297_178976de,ACC1931,CUST87874,AMEX,CREDIT,Branded Cards,2025-07-21T06:38:12.438179+05:30,170.68,USD,NetConnect,Utilities,Bangalore,US,ECOM,online,APPROVED,,1,83.45,14244.06,98,1,dev_0608b6f61d,SG,,
txn_00298_b1356d67,ACC6298,CUST43729,VISA,CREDIT,Branded Cards,2025-11-25T11:50:13.438179+05:30,75.00,INR,FuelPoint,Fuel,Delhi,IN,POS,chip_pin,APPROVED,,0,,75.00,45,0,,IN,28.753625,77.129436
txn_00299_a4b1cf6a,ACC2740,CUST67878,AMEX,CREDIT,Branded Cards,2025-10-31T10:46:13.438179+05:30,75.00,INR,HealthFirst,Pharmacy,Chennai,IN,ATM,atm_pin,APPROVED,,0,,75.00,11,0,,IN,13.109571,80.242539
txn_00300_b525a4d9,ACC9039,CUST72670,VISA,CREDIT,Branded Cards,2025-09-15T23:49:30.438179+05:30,119.78,INR,FuelPoint,Fuel,Hyderabad,IN,ECOM,online,DECLINED,NETWORK_ERROR,0,,119.78,49,0,dev_00931b9fae,IN,,
txn_00301_a5d5bbf9,ACC4327,CUST33149,VISA,CREDIT,Branded Cards,2025-08-17T13:05:56.438179+05:30,93.55,INR,DailyMart,Grocery,Ahmedabad,IN,POS,contactless,APPROVED,,0,,93.55,26,0,,IN,23.018464,72.598051
txn_00302_067e4b72,ACC4907,CUST74124,RUPAY,CREDIT,Branded Cards,2025-09-28T12:14:15.438179+05:30,75.00,INR,TasteHub,Dining,Kolkata,IN,ECOM,online,APPROVED,,0,,75.00,29,0,dev_0923d34d22,IN,,
txn_00303_dfcf338c,ACC9791,CUST29523,AMEX,DEBIT,Branded Cards,2025-08-10T06:02:54.438179+05:30,75.00,INR,LocalStore,Other,Bangalore,IN,POS,chip_pin,APPROVED,,0,,75.00,46,0,,IN,12.967437,77.612408
txn_00304_cc96bf43,ACC4613,CUST18271,VISA,CREDIT,Branded Cards,2025-11-14T23:00:47.438179+05:30,103.75,INR,CityCab,Travel,Bangalore,IN,POS,chip_pin,APPROVED,,0,,103.75,9,0,,IN,12.932233,77.594314
txn_00305_3e5f7e23,ACC1666,CUST27481,AMEX,DEBIT,Branded Cards,2025-12-10T15:30:48.438179+05:30,75.00,INR,PowerGrid,Utilities,Delhi,IN,POS,chip_pin,APPROVED,,0,,75.00,31,0,,IN,28.691093,77.069001
txn_00306_34c6ea9b,ACC3344,CUST93863,RUPAY,CREDIT,Branded Cards,2025-10-27T19:29:09.438179+05:30,84.33,INR,DailyMart,Grocery,Mumbai,IN,POS,chip_pin,APPROVED,,0,,84.33,49,0,,IN,19.103256,72.896936
txn_00307_187ebca4,ACC6929,CUST80742,RUPAY,DEBIT,Branded Cards,2025-08-29T06:32:51.438179+05:30,363.23,INR,ShopSphere,Ecomm,Bangalore,IN,POS,contactless,APPROVED,,0,,363.23,40,0,,IN,12.933351,77.597620
txn_00308_0dd4c0e6,ACC6966,CUST47363,RUPAY,CREDIT,Branded Cards,2025-11-12T22:42:18.438179+05:30,75.00,INR,SpiceTrail,Dining,Pune,IN,POS,chip_pin,APPROVED,,0,,75.00,47,0,,IN,,
txn_00309_71dfc82c,ACC6340,CUST64927,AMEX,DEBIT,Branded Cards,2025-11-16T02:40:23.438179+05:30,130.41,INR,StarCinemas,Entertainment,Mumbai,IN,ECOM,online,APPROVED,,0,,130.41,63,0,dev_3ce523e8a9,IN,,
txn_00310_6328143e,ACC7119,CUST27878,MASTERCARD,CREDIT,Branded Cards,2025-09-10T07:27:43.438179+05:30,75.00,INR,PowerGrid,Utilities,Mumbai,IN,POS,contactless,APPROVED,,0,,75.00,32,0,,IN,19.118789,72.873199
txn_00311_9a87e357,ACC3568,CUST93623,AMEX,DEBIT,Branded Cards,2025-08-02T08:20:38.438179+05:30,270.48,INR,UrbanCart,Ecomm,Delhi,IN,POS,chip_pin,APPROVED,,0,,270.48,19,0,,IN,,
txn_00312_53c9aacb,ACC8114,CUST85951,MASTERCARD,CREDIT,Branded Cards,2025-11-09T16:59:07.438179+05:30,75.00,INR,WellnessRx,Pharmacy,Ahmedabad,IN,ECOM,online,APPROVED,,0,,75.00,32,0,dev_3fdf629d0c,IN,,
txn_00313_8ef90060,ACC1203,CUST63296,MASTERCARD,CREDIT,Branded Cards,2025-11-11T09:41:57.438179+05:30,75.00,INR,MediPlus,Pharmacy,Bangalore,IN,ATM,atm_pin,APPROVED,,0,,75.00,49,0,,IN,12.966844,77.568651
txn_00314_ca342e3c,ACC7068,CUST92157,AMEX,DEBIT,Branded Cards,2025-09-08T15:28:10.438179+05:30,389.51,INR,ClickBazaar,Ecomm,Mumbai,IN,POS,contactless,APPROVED,,0,,389.51,34,0,,IN,19.113420,72.868236
txn_00315_55f01600,ACC1898,CUST77467,VISA,CREDIT,Branded Cards,2025-07-17T01:16:43.438179+05:30,201.04,INR,WellnessRx,Pharmacy,Chennai,IN,POS,contactless,APPROVED,,0,,201.04,55,0,,IN,13.101167,80.282746
txn_00316_1d121daf,ACC8839,CUST86037,VISA,CREDIT,Branded Cards,2025-07-10T06:53:33.438179+05:30,119.12,INR,HealthFirst,Pharmacy,Ahmedabad,IN,POS,contactless,APPROVED,,0,,119.12,54,0,,IN,23.070625,72.545263
txn_00317_9ef6a99f,ACC7031,CUST98251,MASTERCARD,DEBIT,Branded Cards,2025-07-12T12:08:30.438179+05:30,109.30,INR,AquaFlow,Utilities,Kolkata,IN,POS,chip_pin,APPROVED,,0,,109.30,39,0,,IN,22.575886,88.343126
txn_00318_f3bd2348,ACC1371,CUST48426,MASTERCARD,DEBIT,Branded Cards,2025-09-20T18:49:05.438179+05:30,75.00,INR,SpeedFuel,Fuel,Kolkata,IN,ECOM,online,APPROVED,,0,,75.00,50,0,dev_34dfff8cea,IN,,
txn_00319_a7dfeb92,ACC6346,CUST73720,MASTERCARD,DEBIT,Branded Cards,2025-08-06T19:13:42.438179+05:30,236.28,INR,AquaFlow,Utilities,Ahmedabad,IN,ECOM,online,DECLINED,SUSPECTED_FRAUD,0,,236.28,38,0,dev_946964a112,IN,,
txn_00320_5a66219e,ACC5659,CUST69759,RUPAY,DEBIT,Branded Cards,2025-11-23T16:00:26.438179+05:30,75.00,INR,TasteHub,Dining,Delhi,IN,ECOM,online,APPROVED,,0,,75.00,26,0,dev_0cd8739636,IN,,
txn_00321_5f775a7a,ACC8347,CUST80761,MASTERCARD,DEBIT,Branded Cards,2025-11-24T19:06:06.438179+05:30,168.16,INR,SkyRoute,Travel,Delhi,IN,POS,chip_pin,DECLINED,INVALID_PIN,0,,168.16,50,0,,IN,28.685794,77.086885
txn_00322_f83811c5,ACC3409,CUST84086,AMEX,CREDIT,Branded Cards,2025-09-14T02:11:59.438179+05:30,81.16,INR,DailyMart,Grocery,Ahmedabad,IN,ECOM,online,APPROVED,,0,,81.16,35,0,dev_794ba99d78,IN,,
txn_00323_ef87bf0d,ACC5553,CUST35652,VISA,DEBIT,Branded Cards,2025-12-31T11:29:15.438179+05:30,75.00,INR,FreshBasket,Grocery,Mumbai,IN,POS,contactless,APPROVED,,0,,75.00,43,0,,IN,19.084343,72.849914
txn_00324_8f9fdc15,ACC2435,CUST38271,RUPAY,CREDIT,Branded Cards,2025-09-13T23:23:57.438179+05:30,75.00,INR,LocalStore,Other,Pune,IN,POS,chip_pin,APPROVED,,0,,75.00,23,0,,IN,18.501209,73.851258
txn_00325_10ecf6ae,ACC7156,CUST21593,RUPAY,DEBIT,Branded Cards,2026-01-03T23:37:23.438179+05:30,228.66,INR,RailEase,Travel,Kolkata,IN,ECOM,online,APPROVED,,0,,228.66,38,0,dev_fc867a211a,IN,,
txn_00326_7e7d5e88,ACC8593,CUST39428,AMEX,DEBIT,Branded Cards,2025-12-30T14:26:31.438179+05:30,147.89,INR,RailEase,Travel,Ahmedabad,IN,ECOM,online,APPROVED,,0,,147.89,56,0,dev_95d5a76023,AE,,
txn_00327_9950f11a,ACC6927,CUST86161,MASTERCARD,DEBIT,Branded Cards,2025-09-03T17:56:21.438179+05:30,95.20,INR,TasteHub,Dining,Ahmedabad,IN,POS,contactless,APPROVED,,0,,95.20,12,0,,IN,23.021805,72.618463
txn_00328_6b65450b,ACC6832,CUST16385,RUPAY,DEBIT,Branded Cards,2025-10-23T03:54:43.438179+05:30,75.00,INR,PlayArena,Entertainment,Mumbai,IN,POS,chip_pin,APPROVED,,0,,75.00,49,0,,IN,19.042331,72.854967
txn_00329_230f1e69,ACC9489,CUST46885,VISA,CREDIT,Branded Cards,2025-10-01T20:52:35.438179+05:30,143.02,INR,SkyRoute,Travel,Delhi,IN,POS,contactless,APPROVED,,0,,143.02,11,0,,IN,28.689263,77.066872
txn_00330_6ad73453,ACC8544,CUST20013,RUPAY,DEBIT,Branded Cards,2025-12-07T09:45:11.438179+05:30,392.24,INR,SkyRoute,Travel,Pune,IN,POS,chip_pin,APPROVED,,0,,392.24,39,0,,IN,18.540626,73.886958
txn_00331_b1b9fd9d,ACC3332,CUST39697,VISA,DEBIT,Branded Cards,2025-10-19T09:58:02.438179+05:30,190.34,INR,AquaFlow,Utilities,Chennai,IN,POS,contactless,APPROVED,,0,,190.34,6,0,,IN,13.044560,80.233571
txn_00332_18b475b1,ACC3028,CUST88878,MASTERCARD,CREDIT,Branded Cards,2025-11-13T17:08:13.438179+05:30,124.59,USD,MetroPetro,Fuel,Mumbai,US,POS,contactless,APPROVED,,1,74.59,9293.20,39,0,,IN,19.056165,72.828727
txn_00333_c363f61f,ACC1229,CUST79315,MASTERCARD,CREDIT,Branded Cards,2025-11-11T07:33:25.438179+05:30,75.00,INR,PowerGrid,Utilities,Mumbai,IN,POS,contactless,APPROVED,,0,,75.00,20,0,,IN,19.032834,72.909659
txn_00334_5ad5a309,ACC7219,CUST65586,AMEX,CREDIT,Branded Cards,2025-11-11T19:48:28.438179+05:30,75.00,INR,QuickServices,Other,Mumbai,IN,ATM,atm_pin,APPROVED,,0,,75.00,16,0,,IN,19.121775,72.845785
txn_00335_4fdfaf5d,ACC8273,CUST39605,MASTERCARD,DEBIT,Branded Cards,2025-08-16T23:42:08.438179+05:30,75.00,INR,MetroPetro,Fuel,Mumbai,IN,POS,chip_pin,APPROVED,,0,,75.00,36,0,,IN,19.054361,72.887739
txn_00336_1a0a7680,ACC3764,CUST18481,AMEX,DEBIT,Branded Cards,2025-10-04T07:16:57.438179+05:30,217.57,GBP,ShopSphere,Ecomm,Ahmedabad,GB,ATM,atm_pin,APPROVED,,1,106.43,23155.02,42,0,,IN,23.012562,72.580456
txn_00337_f1773294,ACC7557,CUST56674,AMEX,CREDIT,Branded Cards,2025-09-05T16:34:13.438179+05:30,124.66,INR,MediPlus,Pharmacy,Pune,IN,ECOM,online,APPROVED,,0,,124.66,58,0,dev_cdca1c3218,IN,,
txn_00338_d48f5ba3,ACC2117,CUST75291,RUPAY,DEBIT,Branded Cards,2025-07-16T13:33:25.438179+05:30,75.00,INR,LocalStore,Other,Delhi,IN,ECOM,online,APPROVED,,0,,75.00,20,0,dev_bc197f9b8d,IN,,
txn_00339_813a3aa5,ACC5287,CUST81098,MASTERCARD,DEBIT,Branded Cards,2025-10-09T18:51:03.438179+05:30,402.62,INR,PowerGrid,Utilities,Hyderabad,IN,ECOM,online,APPROVED,,0,,402.62,48,0,dev_7fa97ef131,IN,,
txn_00340_639ac771,ACC8986,CUST24336,VISA,CREDIT,Branded Cards,2025-08-12T20:40:14.438179+05:30,125.49,SGD,MediPlus,Pharmacy,Kolkata,SG,POS,contactless,APPROVED,,1,64.02,8033.87,68,0,,IN,22.565668,88.345146
txn_00341_d6415102,ACC7003,CUST55727,RUPAY,DEBIT,Branded Cards,2025-08-09T13:33:06.438179+05:30,160.44,INR,QuickServices,Other,Bangalore,IN,POS,contactless,APPROVED,,0,,160.44,23,0,,IN,12.924415,77.549112
txn_00342_1d4dfdb1,ACC6531,CUST32253,AMEX,DEBIT,Branded Cards,2025-12-30T18:55:40.438179+05:30,153.98,SGD,MetroPetro,Fuel,Chennai,SG,ATM,atm_pin,APPROVED,,1,58.46,9001.22,27,0,,IN,,
txn_00343_34b6685d,ACC6504,CUST75107,AMEX,CREDIT,Branded Cards,2025-08-30T02:10:07.438179+05:30,75.00,INR,PlayArena,Entertainment,Kolkata,IN,POS,contactless,APPROVED,,0,,75.00,41,0,,IN,22.571436,88.382986
txn_00344_b7bba2aa,ACC2552,CUST87576,MASTERCARD,DEBIT,Branded Cards,2025-10-11T04:34:41.438179+05:30,116.92,INR,AquaFlow,Utilities,Pune,IN,POS,chip_pin,APPROVED,,0,,116.92,30,0,,IN,18.532857,73.902494
txn_00345_4052e3a5,ACC9443,CUST69405,VISA,DEBIT,Branded Cards,2025-07-17T18:35:41.438179+05:30,128.00,INR,MediPlus,Pharmacy,Chennai,IN,ECOM,online,APPROVED,,0,,128.00,42,0,dev_6a33383ec9,IN,,
txn_00346_af704164,ACC5919,CUST67067,MASTERCARD,CREDIT,Branded Cards,2025-09-22T02:55:45.438179+05:30,94.45,INR,QuickServices,Other,Ahmedabad,IN,POS,contactless,APPROVED,,0,,94.45,17,0,,IN,22.987274,72.536447
txn_00347_76d32b96,ACC8952,CUST83377,VISA,CREDIT,Branded Cards,2025-09-15T23:09:57.438179+05:30,75.00,INR,HealthFirst,Pharmacy,Hyderabad,IN,ECOM,online,APPROVED,,0,,75.00,36,0,dev_cc3edec38e,IN,,
txn_00348_f480ada5,ACC7668,CUST57636,VISA,CREDIT,Branded Cards,2025-07-17T14:35:41.438179+05:30,301.26,INR,CityCab,Travel,Delhi,IN,POS,contactless,APPROVED,,0,,301.26,10,0,,IN,28.683898,77.058858
txn_00349_be741860,ACC4865,CUST65426,VISA,DEBIT,Branded Cards,2025-11-11T09:16:41.438179+05:30,217.74,INR,SkyRoute,Travel,Mumbai,IN,POS,chip_pin,APPROVED,,0,,217.74,26,0,,IN,19.099724,72.908284
txn_00350_2518ec09,ACC6947,CUST72288,VISA,CREDIT,Branded Cards,2025-10-03T03:18:39.438179+05:30,443.17,INR,UrbanCart,Ecomm,Ahmedabad,IN,POS,chip_pin,APPROVED,,0,,443.17,48,0,,IN,23.000273,72.599827
txn_00351_02038340,ACC7438,CUST43493,VISA,CREDIT,Branded Cards,2025-10-20T11:14:42.438179+05:30,75.00,INR,GreenLeaf Grocers,Grocery,Pune,IN,POS,contactless,APPROVED,,0,,75.00,12,0,,IN,18.494038,73.850940
txn_00352_bca83a82,ACC7765,CUST53610,MASTERCARD,DEBIT,Branded Cards,2025-09-19T10:52:32.438179+05:30,277.87,INR,ShopSphere,Ecomm,Ahmedabad,IN,ECOM,online,APPROVED,,0,,277.87,47,0,dev_7df0c44ecb,IN,,
txn_00353_5050127e,ACC2347,CUST24526,MASTERCARD,DEBIT,Branded Cards,2025-11-26T05:26:35.438179+05:30,75.00,USD,QuickServices,Other,Chennai,US,POS,contactless,APPROVED,,1,85.54,6415.85,64,0,,IN,13.072766,80.283530
txn_00354_e05b1892,ACC7182,CUST84762,MASTERCARD,DEBIT,Branded Cards,2025-11-09T13:46:34.438179+05:30,108.92,INR,AquaFlow,Utilities,Ahmedabad,IN,ECOM,online,APPROVED,,0,,108.92,42,0,dev_2e5e1b015f,IN,,
txn_00355_eb8466e4,ACC8433,CUST98291,VISA,CREDIT,Branded Cards,2025-09-01T10:12:58.438179+05:30,75.00,INR,MetroPetro,Fuel,Pune,IN,POS,chip_pin,DECLINED,LIMIT_EXCEEDED,0,,75.00,41,0,,IN,18.542258,73.850216
txn_00356_68950908,ACC3391,CUST13771,MASTERCARD,CREDIT,Branded Cards,2025-10-23T04:59:57.438179+05:30,203.62,INR,UrbanCart,Ecomm,Hyderabad,IN,ECOM,online,APPROVED,,0,,203.62,28,0,dev_6b307a1acb,IN,,
txn_00357_8e978ce1,ACC1962,CUST16830,MASTERCARD,DEBIT,Branded Cards,2025-10-12T05:58:50.438179+05:30,525.88,INR,UrbanCart,Ecomm,Ahmedabad,IN,POS,contactless,APPROVED,,0,,525.88,50,0,,IN,23.032220,72.528706
txn_00358_77d468ea,ACC3161,CUST21750,RUPAY,DEBIT,Branded Cards,2025-10-15T19:13:08.438179+05:30,85.30,INR,FreshBasket,Grocery,Hyderabad,IN,POS,contactless,APPROVED,,0,,85.30,21,0,,IN,17.384284,78.470618
txn_00359_c2f5da5f,ACC5321,CUST77760,RUPAY,CREDIT,Branded Cards,2025-10-16T22:39:54.438179+05:30,75.00,INR,SpiceTrail,Dining,Chennai,IN,POS,chip_pin,APPROVED,,0,,75.00,32,0,,IN,13.120394,80.281993
txn_00360_7c360908,ACC8499,CUST74616,MASTERCARD,DEBIT,Branded Cards,2025-12-08T09:08:26.438179+05:30,75.00,AED,StarCinemas,Entertainment,Ahmedabad,AE,POS,chip_pin,DECLINED,SUSPECTED_FRAUD,1,20.98,1573.60,54,0,,IN,23.008152,72.592303
txn_00361_13ab7d2c,ACC5033,CUST75288,VISA,DEBIT,Branded Cards,2025-07-16T11:05:51.438179+05:30,84.82,INR,SpeedFuel,Fuel,Hyderabad,IN,POS,chip_pin,APPROVED,,0,,84.82,5,0,,IN,17.392079,78.478342
txn_00362_a7faf009,ACC8423,CUST52587,AMEX,CREDIT,Branded Cards,2025-08-13T09:49:21.438179+05:30,99.56,INR,TasteHub,Dining,Mumbai,IN,POS,chip_pin,APPROVED,,0,,99.56,22,0,,IN,19.026581,72.924677
txn_00363_16d50b84,ACC1336,CUST37292,MASTERCARD,CREDIT,Branded Cards,2025-11-25T00:23:10.438179+05:30,75.00,INR,Cafe Mosaic,Dining,Bangalore,IN,ECOM,online,APPROVED,,0,,75.00,42,0,dev_ddc5583a17,IN,,
txn_00364_e2aa6dc7,ACC7358,CUST72447,RUPAY,DEBIT,Branded Cards,2025-10-28T18:01:50.438179+05:30,609.12,INR,SkyRoute,Travel,Hyderabad,IN,POS,contactless,APPROVED,,0,,609.12,11,0,,IN,17.386265,78.485662
txn_00365_77dd362b,ACC8165,CUST20378,RUPAY,CREDIT,Branded Cards,2025-09-05T03:35:38.438179+05:30,125.28,INR,HealthFirst,Pharmacy,Delhi,IN,POS,contactless,APPROVED,,0,,125.28,36,0,,IN,28.718823,77.060897
txn_00366_40dd8895,ACC6823,CUST43405,MASTERCARD,CREDIT,Branded Cards,2025-08-09T11:33:14.438179+05:30,75.81,INR,SpiceTrail,Dining,Kolkata,IN,POS,chip_pin,APPROVED,,0,,75.81,31,0,,IN,22.588686,88.370748
txn_00367_cece36ae,ACC5342,CUST54739,VISA,CREDIT,Branded Cards,2025-11-19T06:50:46.438179+05:30,75.00,INR,StarCinemas,Entertainment,Delhi,IN,ECOM,online,DECLINED,NETWORK_ERROR,0,,75.00,56,0,dev_73ab962697,IN,,
txn_00368_f952f1e8,ACC6910,CUST98316,MASTERCARD,CREDIT,Branded Cards,2025-07-13T00:08:58.438179+05:30,75.00,GBP,TasteHub,Dining,Mumbai,GB,POS,chip_pin,DECLINED,INSUFFICIENT_FUNDS,1,102.82,7711.71,70,0,,IN,19.074672,72.889550
txn_00369_30dfc50c,ACC2410,CUST49441,AMEX,CREDIT,Branded Cards,2025-09-09T09:08:11.438179+05:30,75.00,INR,SkyRoute,Travel,Bangalore,IN,POS,chip_pin,APPROVED,,0,,75.00,20,0,,IN,12.984206,77.623601
txn_00370_91c631cf,ACC7418,CUST16674,RUPAY,DEBIT,Branded Cards,2025-10-12T14:14:39.438179+05:30,75.00,INR,FreshBasket,Grocery,Delhi,IN,ECOM,online,APPROVED,,0,,75.00,35,0,dev_333e1cfa14,IN,,
txn_00371_938f2b90,ACC6174,CUST82516,VISA,DEBIT,Branded Cards,2025-12-20T04:46:44.438179+05:30,105.34,INR,HealthFirst,Pharmacy,Hyderabad,IN,POS,contactless,APPROVED,,0,,105.34,36,0,,IN,17.341070,78.438602
txn_00372_56d2bb12,ACC8675,CUST27191,RUPAY,DEBIT,Branded Cards,2025-10-22T00:19:05.438179+05:30,80.48,INR,MetroPetro,Fuel,Chennai,IN,POS,contactless,DECLINED,INVALID_PIN,0,,80.48,42,0,,IN,,
txn_00373_3c1689c2,ACC4431,CUST82984,RUPAY,DEBIT,Branded Cards,2025-12-24T13:52:15.438179+05:30,75.00,INR,StarCinemas,Entertainment,Pune,IN,POS,chip_pin,APPROVED,,0,,75.00,11,0,,IN,18.564705,73.856073
txn_00374_0bf2fb51,ACC5382,CUST29815,AMEX,DEBIT,Branded Cards,2025-07-12T19:45:59.438179+05:30,75.00,INR,NetConnect,Utilities,Delhi,IN,POS,chip_pin,APPROVED,,0,,75.00,36,0,,IN,28.688132,77.088024
txn_00375_283348ea,ACC5786,CUST67870,VISA,CREDIT,Branded Cards,2025-08-28T20:23:06.438179+05:30,83.97,INR,FunZone,Entertainment,Mumbai,IN,ATM,atm_pin,APPROVED,,0,,83.97,15,0,,IN,19.113087,72.918799
txn_00376_b717548d,ACC7799,CUST57270,VISA,CREDIT,Branded Cards,2025-07-28T05:35:40.438179+05:30,192.44,INR,AquaFlow,Utilities,Delhi,IN,POS,chip_pin,APPROVED,,0,,192.44,26,0,,IN,28.671226,77.079102
txn_00377_f19293c9,ACC2140,CUST21112,MASTERCARD,DEBIT,Branded Cards,2025-10-11T03:04:09.438179+05:30,338.54,INR,ShopSphere,Ecomm,Kolkata,IN,POS,contactless,APPROVED,,0,,338.54,33,0,,IN,22.523595,88.394525
txn_00378_6b579789,ACC7586,CUST99243,RUPAY,CREDIT,Branded Cards,2025-07-09T18:22:29.438179+05:30,118.23,INR,MediPlus,Pharmacy,Kolkata,IN,ECOM,online,APPROVED,,0,,118.23,35,0,dev_f9851031c0,IN,,
txn_00379_b28d7506,ACC6656,CUST95033,AMEX,DEBIT,Branded Cards,2025-09-24T07:20:52.438179+05:30,105.39,INR,PowerGrid,Utilities,Hyderabad,IN,ECOM,online,APPROVED,,0,,105.39,45,0,dev_a69e418884,IN,,
txn_00380_0723e11e,ACC9846,CUST87660,AMEX,CREDIT,Branded Cards,2025-10-31T05:44:39.438179+05:30,75.00,INR,GreenLeaf Grocers,Grocery,Chennai,IN,POS,chip_pin,APPROVED,,0,,75.00,24,0,,IN,13.108405,80.236703
txn_00381_fba2a5f1,ACC4868,CUST86230,AMEX,DEBIT,Branded Cards,2025-08-13T15:40:32.438179+05:30,168.02,INR,QuickServices,Other,Bangalore,IN,ECOM,online,APPROVED,,0,,168.02,38,0,dev_740155aa51,IN,,
txn_00382_25848385,ACC7974,CUST64008,MASTERCARD,DEBIT,Branded Cards,2025-12-16T11:10:20.438179+05:30,75.00,INR,Cafe Mosaic,Dining,Delhi,IN,ECOM,online,APPROVED,,0,,75.00,23,0,dev_745c7c0778,IN,,
txn_00383_ee585967,ACC9020,CUST64646,VISA,DEBIT,Branded Cards,2025-11-25T09:16:32.438179+05:30,405.35,INR,CityCab,Travel,Pune,IN,POS,contactless,APPROVED,,0,,405.35,42,0,,IN,18.512742,73.850708
txn_00384_85d4bf0f,ACC3511,CUST25432,MASTERCARD,DEBIT,Branded Cards,2025-10-02T03:25:44.438179+05:30,87.96,SGD,StarCinemas,Entertainment,Mumbai,SG,ECOM,online,APPROVED,,1,70.99,6244.57,37,0,dev_4a925f2cc6,IN,,
txn_00385_8c2b678e,ACC6712,CUST18855,AMEX,DEBIT,Branded Cards,2025-12-24T23:19:39.438179+05:30,122.80,INR,Cafe Mosaic,Dining,Bangalore,IN,ECOM,online,APPROVED,,0,,122.80,24,0,dev_007d2194cb,IN,,
txn_00386_9ff0f466,ACC7711,CUST60755,RUPAY,DEBIT,Branded Cards,2025-11-07T00:08:06.438179+05:30,75.00,INR,FunZone,Entertainment,Kolkata,IN,POS,chip_pin,APPROVED,,0,,75.00,33,0,,IN,22.595386,88.322831
txn_00387_a4d78f64,ACC2395,CUST35221,AMEX,CREDIT,Branded Cards,2025-07-30T18:48:12.438179+05:30,106.01,INR,PlayArena,Entertainment,Hyderabad,IN,ECOM,online,APPROVED,,0,,106.01,24,0,dev_a58fa09a4c,IN,,
txn_00388_0b840c50,ACC9052,CUST13049,VISA,CREDIT,Branded Cards,2025-10-09T22:37:11.438179+05:30,168.97,INR,PlayArena,Entertainment,Bangalore,IN,POS,chip_pin,APPROVED,,0,,168.97,10,0,,IN,12.982285,77.584780
txn_00389_adb94a81,ACC3772,CUST17721,MASTERCARD,DEBIT,Branded Cards,2025-08-01T02:41:15.438179+05:30,75.00,INR,GreenLeaf Grocers,Grocery,Chennai,IN,POS,chip_pin,APPROVED,,0,,75.00,21,0,,IN,13.048123,80.315916
txn_00390_3c8aae87,ACC9076,CUST76666,MASTERCARD,CREDIT,Branded Cards,2025-08-29T00:30:42.438179+05:30,75.00,INR,DailyMart,Grocery,Kolkata,IN,POS,chip_pin,APPROVED,,0,,75.00,12,0,,IN,22.546562,88.373600
txn_00391_722be4aa,ACC2374,CUST93335,VISA,DEBIT,Branded Cards,2025-08-30T07:07:24.438179+05:30,93.61,INR,DailyMart,Grocery,Ahmedabad,IN,POS,chip_pin,APPROVED,,0,,93.61,40,0,,IN,22.985057,72.578225
txn_00392_7b708f15,ACC5477,CUST88363,MASTERCARD,DEBIT,Branded Cards,2025-11-02T00:41:24.438179+05:30,89.05,INR,QuickServices,Other,Pune,IN,POS,contactless,APPROVED,,0,,89.05,8,0,,IN,,
txn_00393_e0d6e969,ACC8077,CUST37636,AMEX,CREDIT,Branded Cards,2025-08-01T20:09:04.438179+05:30,75.00,INR,LocalStore,Other,Bangalore,IN,POS,chip_pin,APPROVED,,0,,75.00,40,0,,IN,,
txn_00394_011871cf,ACC1156,CUST98172,AMEX,DEBIT,Branded Cards,2025-11-21T23:29:17.438179+05:30,81.78,INR,TasteHub,Dining,Ahmedabad,IN,POS,contactless,APPROVED,,0,,81.78,49,0,,IN,23.064726,72.582279
txn_00395_5ed7d1a6,ACC4161,CUST68271,RUPAY,DEBIT,Branded Cards,2026-01-03T06:27:56.438179+05:30,75.00,INR,QuickServices,Other,Mumbai,IN,POS,contactless,APPROVED,,0,,75.00,54,0,,IN,19.124380,72.840176
txn_00396_91b0af07,ACC9197,CUST74751,VISA,DEBIT,Branded Cards,2025-11-22T18:26:28.438179+05:30,115.45,INR,PowerGrid,Utilities,Mumbai,IN,ECOM,online,APPROVED,,0,,115.45,54,0,dev_de1c66fdd9,GB,,
txn_00397_8f63c2bb,ACC8437,CUST10256,MASTERCARD,CREDIT,Branded Cards,2025-09-17T15:11:39.438179+05:30,142.08,INR,FuelPoint,Fuel,Delhi,IN,ECOM,online,APPROVED,,0,,142.08,86,1,dev_409d4d0658,DE,,
txn_00398_067ec672,ACC4696,CUST65550,VISA,DEBIT,Branded Cards,2025-12-17T05:25:46.438179+05:30,77.38,INR,HealthFirst,Pharmacy,Hyderabad,IN,POS,contactless,APPROVED,,0,,77.38,30,0,,IN,17.343181,78.493882
txn_00399_793c4fbf,ACC4905,CUST54669,MASTERCARD,CREDIT,Branded Cards,2025-12-23T02:23:07.438179+05:30,260.99,INR,AquaFlow,Utilities,Mumbai,IN,ECOM,online,APPROVED,,0,,260.99,23,0,dev_3f401ad5cd,IN,,
txn_00400_71219097,ACC1897,CUST49514,MASTERCARD,CREDIT,Branded Cards,2025-08-01T15:43:56.438179+05:30,75.00,INR,StarCinemas,Entertainment,Ahmedabad,IN,POS,chip_pin,APPROVED,,0,,75.00,49,0,,IN,22.985254,72.613312
txn_00401_cb8fe981,ACC8014,CUST91292,RUPAY,CREDIT,Branded Cards,2025-07-31T10:50:37.438179+05:30,127.13,INR,FuelPoint,Fuel,Bangalore,IN,POS,contactless,APPROVED,,0,,127.13,55,0,,IN,12.922661,77.582992
txn_00402_9ef01577,ACC8284,CUST34369,AMEX,CREDIT,Branded Cards,2025-11-04T09:31:06.438179+05:30,75.00,INR,PlayArena,Entertainment,Chennai,IN,POS,chip_pin,APPROVED,,0,,75.00,45,0,,IN,13.068239,80.268840
txn_00403_a85d81db,ACC3369,CUST17512,VISA,CREDIT,Branded Cards,2025-11-05T20:04:04.438179+05:30,284.88,INR,CityCab,Travel,Kolkata,IN,POS,contactless,APPROVED,,0,,284.88,26,0,,IN,22.619627,88.365668
txn_00404_90ebba12,ACC6499,CUST90753,VISA,DEBIT,Branded Cards,2025-10-20T23:17:12.438179+05:30,75.00,INR,PowerGrid,Utilities,Pune,IN,ECOM,online,APPROVED,,0,,75.00,54,0,dev_54b1420898,IN,,
txn_00405_54de2c80,ACC7158,CUST36911,AMEX,CREDIT,Branded Cards,2025-09-25T07:49:22.438179+05:30,80.17,INR,MetroPetro,Fuel,Bangalore,IN,POS,chip_pin,APPROVED,,0,,80.17,54,0,,IN,,
txn_00406_2c94df5a,ACC4587,CUST44340,VISA,DEBIT,Branded Cards,2025-11-22T02:09:31.438179+05:30,346.77,INR,FreshBasket,Grocery,Chennai,IN,POS,chip_pin,APPROVED,,0,,346.77,28,0,,IN,13.035669,80.240482
txn_00407_a9315044,ACC3807,CUST79065,MASTERCARD,CREDIT,Branded Cards,2025-07-29T22:44:23.438179+05:30,446.17,SGD,ShopSphere,Ecomm,Delhi,SG,ECOM,online,APPROVED,,1,60.82,27136.33,91,1,dev_5e3d7a774e,IN,,
txn_00408_ca226cfe,ACC3434,CUST52949,VISA,CREDIT,Branded Cards,2025-11-03T12:35:31.438179+05:30,259.79,INR,SkyRoute,Travel,Pune,IN,POS,contactless,APPROVED,,0,,259.79,53,0,,IN,18.489310,73.860247
txn_00409_7fa372cd,ACC9501,CUST70852,AMEX,CREDIT,Branded Cards,2025-11-21T02:48:49.438179+05:30,84.95,INR,CityServices,Other,Ahmedabad,IN,POS,chip_pin,APPROVED,,0,,84.95,29,0,,IN,23.037007,72.572316
txn_00410_ef7cdb39,ACC7129,CUST43361,AMEX,DEBIT,Branded Cards,2025-08-18T11:26:42.438179+05:30,75.00,INR,FunZone,Entertainment,Hyderabad,IN,POS,chip_pin,APPROVED,,0,,75.00,18,0,,IN,17.423871,78.493837
txn_00411_0653ee85,ACC3942,CUST67892,MASTERCARD,CREDIT,Branded Cards,2025-11-07T04:51:36.438179+05:30,75.00,INR,Cafe Mosaic,Dining,Chennai,IN,POS,chip_pin,APPROVED,,0,,75.00,31,0,,IN,13.082454,80.248002
txn_00412_d86f4bb4,ACC5496,CUST34987,VISA,DEBIT,Branded Cards,2025-08-04T09:30:41.438179+05:30,75.00,INR,MetroPetro,Fuel,Mumbai,IN,ECOM,online,APPROVED,,0,,75.00,60,0,dev_c4d0c8da67,IN,,
txn_00413_f394c60d,ACC3445,CUST62101,AMEX,CREDIT,Branded Cards,2025-11-08T06:16:08.438179+05:30,93.57,INR,Cafe Mosaic,Dining,Chennai,IN,ECOM,online,APPROVED,,0,,93.57,65,0,dev_fd833cd4f2,IN,,
txn_00414_da5a8bc3,ACC1493,CUST59112,MASTERCARD,DEBIT,Branded Cards,2025-11-30T17:30:16.438179+05:30,228.27,INR,ClickBazaar,Ecomm,Ahmedabad,IN,ECOM,online,APPROVED,,0,,228.27,45,0,dev_7035a758ab,IN,,
txn_00415_ec11a44d,ACC3279,CUST30144,MASTERCARD,DEBIT,Branded Cards,2025-10-12T17:50:38.438179+05:30,176.65,INR,DailyMart,Grocery,Chennai,IN,POS,contactless,APPROVED,,0,,176.65,24,0,,IN,13.035024,80.299236
txn_00416_2fcb0dce,ACC4260,CUST19108,RUPAY,DEBIT,Branded Cards,2025-09-29T04:11:51.438179+05:30,213.19,INR,UrbanCart,Ecomm,Mumbai,IN,POS,chip_pin,APPROVED,,0,,213.19,16,0,,IN,19.094902,72.876561
txn_00417_210f2a8a,ACC9789,CUST64842,MASTERCARD,CREDIT,Branded Cards,2025-09-05T12:01:39.438179+05:30,138.17,INR,TasteHub,Dining,Mumbai,IN,POS,contactless,APPROVED,,0,,138.17,15,0,,IN,,
txn_00418_1060573a,ACC7541,CUST89278,RUPAY,CREDIT,Branded Cards,2025-11-02T19:23:06.438179+05:30,218.74,INR,SkyRoute,Travel,Hyderabad,IN,POS,contactless,APPROVED,,0,,218.74,34,0,,IN,17.335744,78.450969
txn_00419_d2cc4853,ACC3869,CUST64401,AMEX,DEBIT,Branded Cards,2025-11-03T07:59:34.438179+05:30,75.00,INR,FunZone,Entertainment,Bangalore,IN,ECOM,online,APPROVED,,0,,75.00,56,0,dev_644c25998e,IN,,
txn_00420_fe0d40b4,ACC2986,CUST58330,RUPAY,DEBIT,Branded Cards,2025-12-17T10:42:00.438179+05:30,82.81,INR,WellnessRx,Pharmacy,Delhi,IN,ECOM,online,APPROVED,,0,,82.81,86,1,dev_7ee8a2f417,SG,,
txn_00421_09ab99a3,ACC1175,CUST42847,AMEX,DEBIT,Branded Cards,2025-12-07T09:33:43.438179+05:30,164.01,INR,StarCinemas,Entertainment,Hyderabad,IN,POS,chip_pin,APPROVED,,0,,164.01,29,0,,IN,17.374934,78.456140
txn_00422_4b4d1079,ACC3034,CUST80078,AMEX,DEBIT,Branded Cards,2025-09-27T08:23:52.438179+05:30,75.00,INR,FunZone,Entertainment,Mumbai,IN,POS,chip_pin,APPROVED,,0,,75.00,15,0,,IN,19.027807,72.837752
txn_00423_b766ac85,ACC2684,CUST61199,VISA,CREDIT,Branded Cards,2025-07-13T03:18:19.438179+05:30,78.22,INR,SpiceTrail,Dining,Ahmedabad,IN,POS,chip_pin,APPROVED,,0,,78.22,8,0,,IN,23.053651,72.585501
txn_00424_d20e0734,ACC4148,CUST99123,RUPAY,CREDIT,Branded Cards,2025-07-18T12:13:51.438179+05:30,75.00,INR,FreshBasket,Grocery,Kolkata,IN,ECOM,online,APPROVED,,0,,75.00,38,0,dev_03fd42269c,IN,,
txn_00425_1eed0236,ACC4807,CUST38020,MASTERCARD,CREDIT,Branded Cards,2025-12-09T01:32:54.438179+05:30,452.42,INR,RailEase,Travel,Delhi,IN,POS,chip_pin,APPROVED,,0,,452.42,30,0,,IN,,
txn_00426_c47dd678,ACC9185,CUST23344,AMEX,CREDIT,Branded Cards,2025-08-20T17:48:25.438179+05:30,186.14,INR,DailyMart,Grocery,Chennai,IN,POS,chip_pin,APPROVED,,0,,186.14,28,0,,IN,13.121246,80.261810
txn_00427_aa97435d,ACC8899,CUST18849,MASTERCARD,DEBIT,Branded Cards,2025-10-12T13:53:18.438179+05:30,75.00,INR,FuelPoint,Fuel,Chennai,IN,ATM,atm_pin,APPROVED,,0,,75.00,25,0,,IN,,
txn_00428_2336d60b,ACC7136,CUST75369,RUPAY,DEBIT,Branded Cards,2025-10-22T07:10:33.438179+05:30,133.08,INR,CityServices,Other,Pune,IN,POS,chip_pin,APPROVED,,0,,133.08,52,0,,IN,18.494755,73.814639
txn_00429_c0241ac1,ACC1388,CUST40016,MASTERCARD,DEBIT,Branded Cards,2025-10-13T02:03:09.438179+05:30,151.49,INR,ClickBazaar,Ecomm,Bangalore,IN,POS,contactless,APPROVED,,0,,151.49,38,0,,IN,12.963089,77.625871
txn_00430_deaf9631,ACC9055,CUST19173,MASTERCARD,CREDIT,Branded Cards,2025-11-17T12:38:02.438179+05:30,164.30,INR,QuickServices,Other,Pune,IN,ECOM,online,APPROVED,,0,,164.30,21,0,dev_01a1396d49,IN,,
txn_00431_93906193,ACC8344,CUST93309,MASTERCARD,CREDIT,Branded Cards,2025-11-15T04:37:58.438179+05:30,392.46,INR,SkyRoute,Travel,Delhi,IN,POS,chip_pin,APPROVED,,0,,392.46,20,0,,IN,28.714685,77.082810
txn_00432_c24489e1,ACC5918,CUST88011,RUPAY,CREDIT,Branded Cards,2025-08-21T08:58:04.438179+05:30,132.76,INR,AquaFlow,Utilities,Kolkata,IN,POS,contactless,APPROVED,,0,,132.76,35,0,,IN,22.560742,88.399304
txn_00433_802ddcc4,ACC7131,CUST74415,MASTERCARD,DEBIT,Branded Cards,2025-09-23T23:23:29.438179+05:30,75.00,INR,HealthFirst,Pharmacy,Hyderabad,IN,POS,contactless,APPROVED,,0,,75.00,17,0,,IN,17.353963,78.437983
txn_00434_c571f9ab,ACC6711,CUST76795,RUPAY,DEBIT,Branded Cards,2025-09-01T15:24:43.438179+05:30,75.00,INR,HealthFirst,Pharmacy,Hyderabad,IN,ECOM,online,APPROVED,,0,,75.00,33,0,dev_f56fb138c2,IN,,
txn_00435_9a26755a,ACC3644,CUST11617,AMEX,CREDIT,Branded Cards,2025-12-07T11:10:13.438179+05:30,90.03,INR,HealthFirst,Pharmacy,Pune,IN,POS,chip_pin,APPROVED,,0,,90.03,43,0,,IN,18.538507,73.832129
txn_00436_695f34ff,ACC2456,CUST24322,RUPAY,DEBIT,Branded Cards,2025-07-26T17:40:58.438179+05:30,128.41,INR,FuelPoint,Fuel,Pune,IN,ECOM,online,APPROVED,,0,,128.41,63,0,dev_4e960952eb,IN,,
txn_00437_2fb7e9bd,ACC3200,CUST35954,AMEX,CREDIT,Branded Cards,2025-09-03T07:54:18.438179+05:30,112.77,INR,TasteHub,Dining,Pune,IN,ATM,atm_pin,APPROVED,,0,,112.77,46,0,,IN,18.513495,73.824340
txn_00438_46d9e34d,ACC2052,CUST54846,VISA,DEBIT,Branded Cards,2025-12-28T17:12:30.438179+05:30,83.10,INR,ShopSphere,Ecomm,Pune,IN,POS,chip_pin,APPROVED,,0,,83.10,45,0,,IN,18.499713,73.844473
txn_00439_c2e8bfc2,ACC5355,CUST73691,MASTERCARD,DEBIT,Branded Cards,2025-09-06T02:15:36.438179+05:30,119.23,EUR,PlayArena,Entertainment,Mumbai,DE,POS,contactless,APPROVED,,1,94.63,11282.41,56,0,,IN,,
txn_00440_ce67b962,ACC2641,CUST10404,RUPAY,DEBIT,Branded Cards,2025-09-10T23:54:06.438179+05:30,102.42,INR,NetConnect,Utilities,Chennai,IN,ATM,atm_pin,APPROVED,,0,,102.42,27,0,,IN,,
txn_00441_f521cf35,ACC6278,CUST12179,MASTERCARD,CREDIT,Branded Cards,2025-07-27T01:24:59.438179+05:30,88.69,INR,FuelPoint,Fuel,Hyderabad,IN,ATM,atm_pin,APPROVED,,0,,88.69,37,0,,IN,17.353793,78.535318
txn_00442_e7bb5e42,ACC2645,CUST60444,VISA,DEBIT,Branded Cards,2025-10-21T16:25:28.438179+05:30,175.46,INR,StarCinemas,Entertainment,Ahmedabad,IN,POS,chip_pin,APPROVED,,0,,175.46,47,0,,IN,,
txn_00443_f47e3ca0,ACC2895,CUST73198,MASTERCARD,CREDIT,Branded Cards,2025-07-19T18:50:45.438179+05:30,110.03,INR,CityServices,Other,Bangalore,IN,POS,chip_pin,APPROVED,,0,,110.03,15,0,,IN,,
txn_00444_b9b4c225,ACC9060,CUST21854,MASTERCARD,CREDIT,Branded Cards,2025-07-12T02:24:51.438179+05:30,159.58,INR,ShopSphere,Ecomm,Mumbai,IN,POS,chip_pin,APPROVED,,0,,159.58,47,0,,IN,19.039576,72.881154
txn_00445_bd96bb0a,ACC4082,CUST25218,MASTERCARD,CREDIT,Branded Cards,2025-08-12T01:08:31.438179+05:30,85.26,INR,AquaFlow,Utilities,Kolkata,IN,ECOM,online,APPROVED,,0,,85.26,38,0,dev_161c8390ba,IN,,
txn_00446_2055adec,ACC9515,CUST96998,MASTERCARD,DEBIT,Branded Cards,2025-08-03T17:01:17.438179+05:30,75.00,INR,WellnessRx,Pharmacy,Bangalore,IN,POS,chip_pin,APPROVED,,0,,75.00,48,0,,IN,,
txn_00447_08cac260,ACC6245,CUST50487,MASTERCARD,CREDIT,Branded Cards,2025-08-30T10:02:09.438179+05:30,75.00,INR,MediPlus,Pharmacy,Ahmedabad,IN,POS,contactless,APPROVED,,0,,75.00,14,0,,IN,23.057413,72.604175
txn_00448_bc5882ec,ACC1861,CUST33464,AMEX,DEBIT,Branded Cards,2025-09-03T00:15:56.438179+05:30,75.00,INR,UrbanCart,Ecomm,Hyderabad,IN,ECOM,online,APPROVED,,0,,75.00,61,0,dev_39cf7798cc,IN,,
txn_00449_8c4a62ba,ACC7451,CUST22755,AMEX,CREDIT,Branded Cards,2025-12-03T02:45:20.438179+05:30,75.00,INR,GreenLeaf Grocers,Grocery,Kolkata,IN,POS,contactless,APPROVED,,0,,75.00,23,0,,IN,22.614906,88.384011
txn_00450_db2c1379,ACC2670,CUST98908,VISA,DEBIT,Branded Cards,2025-11-29T00:49:16.438179+05:30,75.00,INR,PlayArena,Entertainment,Delhi,IN,POS,contactless,APPROVED,,0,,75.00,52,0,,IN,28.719224,77.088723
txn_00451_989da530,ACC3826,CUST95563,RUPAY,CREDIT,Branded Cards,2025-09-30T14:33:18.438179+05:30,91.77,EUR,FreshBasket,Grocery,Chennai,DE,ATM,atm_pin,APPROVED,,1,92.40,8479.69,25,0,,IN,13.072364,80.250969
txn_00452_4612d424,ACC2549,CUST87709,VISA,DEBIT,Branded Cards,2025-11-20T00:33:05.438179+05:30,361.55,INR,HealthFirst,Pharmacy,Ahmedabad,IN,POS,chip_pin,APPROVED,,0,,361.55,19,0,,IN,23.029798,72.578663
txn_00453_cfec1804,ACC9684,CUST74036,RUPAY,DEBIT,Branded Cards,2025-12-19T19:38:18.438179+05:30,78.64,INR,TasteHub,Dining,Delhi,IN,POS,chip_pin,APPROVED,,0,,78.64,49,0,,IN,28.709706,77.106142
txn_00454_1fed7603,ACC9292,CUST49135,VISA,CREDIT,Branded Cards,2025-10-03T18:42:32.438179+05:30,75.00,INR,SpeedFuel,Fuel,Delhi,IN,POS,contactless,APPROVED,,0,,75.00,40,0,,IN,28.729407,77.060961
txn_00455_ff2e1955,ACC6769,CUST89452,MASTERCARD,DEBIT,Branded Cards,2025-08-20T19:56:27.438179+05:30,95.60,INR,FreshBasket,Grocery,Hyderabad,IN,POS,contactless,APPROVED,,0,,95.60,38,0,,IN,,
txn_00456_13093c17,ACC5177,CUST44167,MASTERCARD,CREDIT,Branded Cards,2025-09-29T14:52:25.438179+05:30,75.00,INR,FreshBasket,Grocery,Bangalore,IN,POS,contactless,APPROVED,,0,,75.00,42,0,,IN,12.934449,77.606831
txn_00457_315007d2,ACC7097,CUST83877,MASTERCARD,DEBIT,Branded Cards,2025-07-20T14:56:47.438179+05:30,75.00,INR,StarCinemas,Entertainment,Hyderabad,IN,ECOM,online,APPROVED,,0,,75.00,58,0,dev_b2a214245c,IN,,
txn_00458_de6d4e25,ACC4698,CUST45867,MASTERCARD,DEBIT,Branded Cards,2026-01-03T10:57:53.438179+05:30,286.34,INR,CityCab,Travel,Kolkata,IN,POS,chip_pin,DECLINED,INSUFFICIENT_FUNDS,0,,286.34,10,0,,IN,22.555952,88.341225
txn_00459_8d31df34,ACC5440,CUST89621,RUPAY,CREDIT,Branded Cards,2025-12-11T12:47:05.438179+05:30,75.00,INR,MediPlus,Pharmacy,Mumbai,IN,POS,contactless,APPROVED,,0,,75.00,41,0,,IN,,
txn_00460_026e6d11,ACC9414,CUST30380,MASTERCARD,DEBIT,Branded Cards,2025-07-21T09:55:48.438179+05:30,115.68,INR,MediPlus,Pharmacy,Chennai,IN,ECOM,online,APPROVED,,0,,115.68,33,0,dev_2097a1a2f6,IN,,
txn_00461_496d036a,ACC5519,CUST66068,MASTERCARD,DEBIT,Branded Cards,2025-08-25T06:12:07.438179+05:30,95.64,INR,SpiceTrail,Dining,Chennai,IN,ECOM,online,APPROVED,,0,,95.64,49,0,dev_77cc68753e,IN,,
txn_00462_8ddd6a3e,ACC9074,CUST11401,AMEX,CREDIT,Branded Cards,2025-09-18T20:00:37.438179+05:30,75.00,INR,Cafe Mosaic,Dining,Chennai,IN,ECOM,online,APPROVED,,0,,75.00,35,0,dev_be15a75ed9,IN,,
txn_00463_eba332b1,ACC9652,CUST99663,MASTERCARD,DEBIT,Branded Cards,2025-08-03T12:59:20.438179+05:30,154.66,INR,PlayArena,Entertainment,Mumbai,IN,POS,chip_pin,APPROVED,,0,,154.66,52,0,,IN,19.125422,72.893817
txn_00464_56847457,ACC5092,CUST80663,RUPAY,CREDIT,Branded Cards,2025-12-06T03:58:12.438179+05:30,75.00,INR,QuickServices,Other,Delhi,IN,POS,chip_pin,APPROVED,,0,,75.00,28,0,,IN,,
txn_00465_4c60b543,ACC6798,CUST24046,AMEX,DEBIT,Branded Cards,2026-01-04T01:47:53.438179+05:30,75.00,INR,Cafe Mosaic,Dining,Pune,IN,POS,contactless,APPROVED,,0,,75.00,36,0,,IN,18.470989,73.852735
txn_00466_5fd2bec3,ACC5903,CUST57775,MASTERCARD,DEBIT,Branded Cards,2025-09-18T07:53:53.438179+05:30,75.00,INR,PowerGrid,Utilities,Mumbai,IN,POS,chip_pin,APPROVED,,0,,75.00,14,0,,IN,19.051013,72.874770
txn_00467_32f1227c,ACC8852,CUST97194,AMEX,CREDIT,Branded Cards,2025-10-29T10:12:21.438179+05:30,75.00,SGD,PlayArena,Entertainment,Ahmedabad,SG,POS,contactless,APPROVED,,1,55.99,4199.40,49,0,,IN,23.062600,72.537431
txn_00468_caef3c9e,ACC1346,CUST26531,RUPAY,DEBIT,Branded Cards,2025-11-27T02:00:07.438179+05:30,131.34,INR,LocalStore,Other,Delhi,IN,POS,contactless,APPROVED,,0,,131.34,12,0,,IN,,
txn_00469_47f8b6f1,ACC2884,CUST44541,VISA,CREDIT,Branded Cards,2025-07-10T05:31:30.438179+05:30,75.00,INR,GreenLeaf Grocers,Grocery,Chennai,IN,POS,chip_pin,APPROVED,,0,,75.00,20,0,,IN,13.105625,80.239386
txn_00470_edd9636e,ACC3395,CUST65876,RUPAY,CREDIT,Branded Cards,2025-12-31T16:05:10.438179+05:30,88.20,INR,PlayArena,Entertainment,Mumbai,IN,ECOM,online,APPROVED,,0,,88.20,29,0,dev_4609d261e0,IN,,
txn_00471_59dcbe0f,ACC7849,CUST42370,MASTERCARD,CREDIT,Branded Cards,2025-10-16T12:47:58.438179+05:30,75.00,INR,DailyMart,Grocery,Kolkata,IN,POS,chip_pin,APPROVED,,0,,75.00,8,0,,IN,22.549525,88.341956
txn_00472_037f5347,ACC3134,CUST53412,MASTERCARD,CREDIT,Branded Cards,2025-10-05T01:22:24.438179+05:30,75.00,INR,FreshBasket,Grocery,Chennai,IN,POS,contactless,APPROVED,,0,,75.00,36,0,,IN,13.063136,80.230389
txn_00473_19404d24,ACC2226,CUST81641,AMEX,CREDIT,Branded Cards,2025-07-31T02:02:47.438179+05:30,75.00,INR,SpiceTrail,Dining,Kolkata,IN,POS,chip_pin,APPROVED,,0,,75.00,46,0,,IN,22.541893,88.358477
txn_00474_1155581f,ACC8910,CUST64919,AMEX,DEBIT,Branded Cards,2025-08-23T20:11:08.438179+05:30,475.32,INR,ClickBazaar,Ecomm,Delhi,IN,POS,chip_pin,APPROVED,,0,,475.32,28,0,,IN,28.725833,77.143585
txn_00475_70100d7e,ACC9344,CUST60351,VISA,CREDIT,Branded Cards,2025-08-15T00:19:21.438179+05:30,111.19,INR,TasteHub,Dining,Delhi,IN,POS,chip_pin,APPROVED,,0,,111.19,48,0,,IN,28.705449,77.059999
txn_00476_395370c0,ACC1747,CUST79935,RUPAY,DEBIT,Branded Cards,2025-11-06T03:54:19.438179+05:30,318.93,EUR,ShopSphere,Ecomm,Bangalore,DE,POS,chip_pin,APPROVED,,1,89.29,28476.32,49,0,,IN,12.948451,77.556510
txn_00477_53167cb5,ACC2363,CUST81994,VISA,CREDIT,Branded Cards,2025-10-30T09:39:59.438179+05:30,75.00,INR,SpiceTrail,Dining,Hyderabad,IN,ECOM,online,DECLINED,SUSPECTED_FRAUD,0,,75.00,40,0,dev_9aa1f78157,IN,,
txn_00478_b0285484,ACC7258,CUST95698,RUPAY,DEBIT,Branded Cards,2025-10-31T15:43:50.438179+05:30,802.47,INR,PowerGrid,Utilities,Bangalore,IN,ECOM,online,APPROVED,,0,,802.47,64,0,dev_b81b3fd4b0,IN,,
txn_00479_2d1594cb,ACC4094,CUST84666,MASTERCARD,DEBIT,Branded Cards,2025-09-02T07:57:45.438179+05:30,453.55,INR,UrbanCart,Ecomm,Hyderabad,IN,POS,contactless,APPROVED,,0,,453.55,10,0,,IN,17.380939,78.518260
txn_00480_19a8ec19,ACC9630,CUST27995,AMEX,CREDIT,Branded Cards,2026-01-01T16:33:57.438179+05:30,75.00,INR,SpiceTrail,Dining,Delhi,IN,ECOM,online,APPROVED,,0,,75.00,42,0,dev_f8a52680b3,IN,,
txn_00481_9981d28f,ACC1221,CUST11231,VISA,DEBIT,Branded Cards,2025-12-08T18:47:02.438179+05:30,75.00,INR,MediPlus,Pharmacy,Mumbai,IN,ECOM,online,APPROVED,,0,,75.00,57,0,dev_f02483c458,IN,,
txn_00482_1f81e097,ACC1347,CUST15836,AMEX,CREDIT,Branded Cards,2025-12-09T18:42:04.438179+05:30,131.46,INR,ShopSphere,Ecomm,Ahmedabad,IN,ECOM,online,APPROVED,,0,,131.46,51,0,dev_a0447809c0,IN,,
txn_00483_1cc6d08a,ACC9057,CUST32224,AMEX,CREDIT,Branded Cards,2025-12-08T06:21:23.438179+05:30,75.00,INR,LocalStore,Other,Delhi,IN,POS,chip_pin,DECLINED,NETWORK_ERROR,0,,75.00,48,0,,IN,28.742522,77.134778
txn_00484_9ff0287a,ACC5702,CUST55663,VISA,DEBIT,Branded Cards,2025-12-10T04:39:39.438179+05:30,75.00,INR,PowerGrid,Utilities,Chennai,IN,POS,chip_pin,APPROVED,,0,,75.00,48,0,,IN,13.122012,80.289416
txn_00485_c9198c69,ACC8838,CUST18822,RUPAY,DEBIT,Branded Cards,2025-12-07T17:29:32.438179+05:30,103.03,INR,TasteHub,Dining,Mumbai,IN,ECOM,online,APPROVED,,0,,103.03,67,0,dev_b8725aa10d,IN,,
txn_00486_f1abf7a0,ACC5028,CUST60224,RUPAY,DEBIT,Branded Cards,2025-09-19T18:31:49.438179+05:30,199.25,INR,SkyRoute,Travel,Chennai,IN,ATM,atm_pin,APPROVED,,0,,199.25,31,0,,IN,13.096360,80.234522
txn_00487_04643f52,ACC6937,CUST83187,RUPAY,DEBIT,Branded Cards,2025-09-06T09:40:01.438179+05:30,111.10,INR,CityServices,Other,Pune,IN,POS,contactless,APPROVED,,0,,111.10,10,0,,IN,18.470687,73.906091
txn_00488_b436e8fb,ACC3344,CUST59474,VISA,CREDIT,Branded Cards,2025-12-29T23:04:04.438179+05:30,192.13,INR,AquaFlow,Utilities,Delhi,IN,POS,chip_pin,APPROVED,,0,,192.13,19,0,,IN,28.667880,77.148705
txn_00489_4cac895c,ACC8703,CUST63939,AMEX,CREDIT,Branded Cards,2025-10-10T22:21:59.438179+05:30,176.54,INR,FuelPoint,Fuel,Mumbai,IN,POS,chip_pin,DECLINED,INVALID_PIN,0,,176.54,35,0,,IN,19.100811,72.897556
txn_00490_4e583dde,ACC4724,CUST65531,VISA,DEBIT,Branded Cards,2025-11-26T04:38:03.438179+05:30,389.66,INR,SpeedFuel,Fuel,Bangalore,IN,ECOM,online,DECLINED,SUSPECTED_FRAUD,0,,389.66,49,0,dev_92eb4d6df5,IN,,
txn_00491_d3c6e5a0,ACC7233,CUST31603,VISA,DEBIT,Branded Cards,2025-12-23T01:00:21.438179+05:30,537.31,INR,RailEase,Travel,Pune,IN,POS,chip_pin,APPROVED,,0,,537.31,49,0,,IN,18.501719,73.870889
txn_00492_a36d7567,ACC1530,CUST41501,RUPAY,CREDIT,Branded Cards,2025-10-29T11:26:05.438179+05:30,75.00,INR,SpiceTrail,Dining,Mumbai,IN,POS,contactless,DECLINED,INVALID_PIN,0,,75.00,5,0,,IN,19.056912,72.882869
txn_00493_b3e1511b,ACC2595,CUST53426,VISA,DEBIT,Branded Cards,2025-09-22T20:11:46.438179+05:30,189.57,INR,FreshBasket,Grocery,Chennai,IN,POS,contactless,DECLINED,INVALID_PIN,0,,189.57,25,0,,IN,13.105269,80.318085
txn_00494_3b482d28,ACC4533,CUST99320,VISA,CREDIT,Branded Cards,2025-07-22T09:24:08.438179+05:30,75.00,INR,GreenLeaf Grocers,Grocery,Kolkata,IN,POS,chip_pin,APPROVED,,0,,75.00,10,0,,IN,,
txn_00495_4f3e2a2c,ACC9964,CUST21425,MASTERCARD,DEBIT,Branded Cards,2025-08-31T11:06:16.438179+05:30,218.88,INR,StarCinemas,Entertainment,Chennai,IN,POS,contactless,DECLINED,NETWORK_ERROR,0,,218.88,36,0,,IN,13.034194,80.297332
txn_00496_f098aa1f,ACC3031,CUST84545,RUPAY,DEBIT,Branded Cards,2025-09-03T13:05:22.438179+05:30,491.98,INR,CityCab,Travel,Delhi,IN,POS,contactless,APPROVED,,0,,491.98,21,0,,IN,28.698305,77.144916
txn_00497_ca6425fc,ACC5011,CUST83505,AMEX,DEBIT,Branded Cards,2026-01-03T08:54:13.438179+05:30,75.00,INR,HealthFirst,Pharmacy,Delhi,IN,POS,contactless,APPROVED,,0,,75.00,48,0,,IN,28.751843,77.058206
txn_00498_1bef39f1,ACC2406,CUST33628,VISA,DEBIT,Branded Cards,2025-12-09T00:04:43.438179+05:30,96.30,INR,MediPlus,Pharmacy,Kolkata,IN,ECOM,online,APPROVED,,0,,96.30,46,0,dev_e688fd5890,IN,,
txn_00499_51f7c017,ACC1513,CUST88784,RUPAY,CREDIT,Branded Cards,2025-09-30T12:15:33.438179+05:30,75.00,INR,HealthFirst,Pharmacy,Mumbai,IN,POS,contactless,APPROVED,,0,,75.00,39,0,,IN,19.072997,72.891722
txn_00500_dfafc6cf,ACC8396,CUST65013,AMEX,DEBIT,Branded Cards,2025-08-24T06:44:08.438179+05:30,75.00,INR,StarCinemas,Entertainment,Bangalore,IN,POS,chip_pin,APPROVED,,0,,75.00,10,0,,IN,12.948991,77.552771
txn_00501_e9a002a4,ACC7375,CUST11301,AMEX,CREDIT,Branded Cards,2025-08-14T16:47:25.438179+05:30,75.00,INR,FreshBasket,Grocery,Kolkata,IN,POS,contactless,APPROVED,,0,,75.00,49,0,,IN,22.619159,88.357578
txn_00502_d51f6de1,ACC3059,CUST93138,MASTERCARD,CREDIT,Branded Cards,2025-09-11T15:16:07.438179+05:30,109.47,INR,CityCab,Travel,Chennai,IN,POS,contactless,APPROVED,,0,,109.47,21,0,,IN,13.033068,80.265756
txn_00503_4e954929,ACC9226,CUST26350,VISA,CREDIT,Branded Cards,2025-07-09T20:21:29.438179+05:30,188.43,INR,ClickBazaar,Ecomm,Pune,IN,POS,chip_pin,APPROVED,,0,,188.43,5,0,,IN,18.506779,73.836894
txn_00504_61ae2255,ACC5669,CUST96455,RUPAY,DEBIT,Branded Cards,2025-07-12T22:36:08.438179+05:30,75.00,INR,HealthFirst,Pharmacy,Chennai,IN,ECOM,online,APPROVED,,0,,75.00,44,0,dev_8a29a3e5f6,IN,,
txn_00505_ce4d89f3,ACC1534,CUST97518,AMEX,CREDIT,Branded Cards,2025-10-22T23:12:57.438179+05:30,105.22,INR,SpeedFuel,Fuel,Mumbai,IN,ECOM,online,APPROVED,,0,,105.22,54,0,dev_8071b0c1fa,IN,,
txn_00506_5fe8a7f4,ACC4668,CUST76527,MASTERCARD,CREDIT,Branded Cards,2025-10-25T04:47:15.438179+05:30,129.55,INR,PlayArena,Entertainment,Kolkata,IN,POS,contactless,APPROVED,,0,,129.55,46,0,,IN,22.596715,88.314661
txn_00507_fe2a0cbc,ACC8045,CUST41697,AMEX,DEBIT,Branded Cards,2025-08-16T00:16:55.438179+05:30,75.00,INR,WellnessRx,Pharmacy,Pune,IN,POS,contactless,DECLINED,INSUFFICIENT_FUNDS,0,,75.00,52,0,,IN,18.503909,73.902616
txn_00508_1e4dacd6,ACC7422,CUST92223,MASTERCARD,DEBIT,Branded Cards,2025-10-30T18:24:01.438179+05:30,174.48,INR,GreenLeaf Grocers,Grocery,Kolkata,IN,POS,contactless,APPROVED,,0,,174.48,32,0,,IN,22.593602,88.326533
txn_00509_a70bba9c,ACC4633,CUST48918,MASTERCARD,DEBIT,Branded Cards,2025-11-16T19:02:13.438179+05:30,107.18,INR,ShopSphere,Ecomm,Mumbai,IN,POS,chip_pin,APPROVED,,0,,107.18,34,0,,IN,19.103759,72.846356
txn_00510_1f683d6f,ACC2754,CUST28590,MASTERCARD,DEBIT,Branded Cards,2025-10-25T04:59:31.438179+05:30,80.73,INR,TasteHub,Dining,Bangalore,IN,POS,chip_pin,APPROVED,,0,,80.73,34,0,,IN,,
txn_00511_6010ab93,ACC6137,CUST93040,MASTERCARD,CREDIT,Branded Cards,2025-09-12T08:39:55.438179+05:30,141.21,INR,MetroPetro,Fuel,Chennai,IN,ECOM,online,APPROVED,,0,,141.21,43,0,dev_af35d5f4e5,IN,,
txn_00512_9b2a1376,ACC1484,CUST80248,MASTERCARD,DEBIT,Branded Cards,2025-12-30T19:40:17.438179+05:30,95.46,INR,FreshBasket,Grocery,Bangalore,IN,POS,contactless,APPROVED,,0,,95.46,15,0,,IN,12.947050,77.556759
txn_00513_bec51040,ACC9123,CUST67155,MASTERCARD,CREDIT,Branded Cards,2025-08-26T23:58:10.438179+05:30,202.61,INR,PowerGrid,Utilities,Pune,IN,POS,chip_pin,APPROVED,,0,,202.61,10,0,,IN,18.525550,73.836132
txn_00514_bf409640,ACC5451,CUST51779,MASTERCARD,DEBIT,Branded Cards,2025-07-30T10:36:54.438179+05:30,206.47,INR,SkyRoute,Travel,Hyderabad,IN,ATM,atm_pin,APPROVED,,0,,206.47,51,0,,IN,17.423286,78.479074
txn_00515_5a2d465b,ACC7525,CUST13924,RUPAY,DEBIT,Branded Cards,2025-12-07T07:58:51.438179+05:30,419.07,INR,ClickBazaar,Ecomm,Chennai,IN,POS,chip_pin,APPROVED,,0,,419.07,43,0,,IN,13.097210,80.317215
txn_00516_3b8ede31,ACC2085,CUST60540,AMEX,DEBIT,Branded Cards,2025-10-24T16:37:12.438179+05:30,84.45,INR,CityCab,Travel,Pune,IN,POS,contactless,APPROVED,,0,,84.45,26,0,,IN,18.527147,73.838856
txn_00517_32b9fc56,ACC4229,CUST16509,MASTERCARD,CREDIT,Branded Cards,2025-08-31T20:22:32.438179+05:30,139.63,INR,FuelPoint,Fuel,Hyderabad,IN,ECOM,online,APPROVED,,0,,139.63,37,0,dev_516f69a1cf,IN,,
txn_00518_48cc32c6,ACC3147,CUST62797,VISA,DEBIT,Branded Cards,2025-12-26T19:06:29.438179+05:30,146.55,INR,MediPlus,Pharmacy,Mumbai,IN,POS,contactless,APPROVED,,0,,146.55,5,0,,IN,,
txn_00519_4c66d04f,ACC8447,CUST74662,VISA,DEBIT,Branded Cards,2025-07-25T10:06:38.438179+05:30,113.92,INR,FreshBasket,Grocery,Ahmedabad,IN,POS,contactless,APPROVED,,0,,113.92,40,0,,IN,23.021882,72.526107
txn_00520_e6fb976b,ACC7043,CUST80458,AMEX,CREDIT,Branded Cards,2026-01-04T12:37:11.438179+05:30,284.01,INR,FreshBasket,Grocery,Bangalore,IN,ECOM,online,APPROVED,,0,,284.01,63,0,dev_3016884399,IN,,
txn_00521_c0c6e3ff,ACC7771,CUST93480,AMEX,CREDIT,Branded Cards,2025-09-13T10:04:32.438179+05:30,75.00,INR,SpeedFuel,Fuel,Hyderabad,IN,POS,contactless,APPROVED,,0,,75.00,42,0,,IN,17.347629,78.522889
txn_00522_a8d3bb7d,ACC4373,CUST20225,MASTERCARD,DEBIT,Branded Cards,2025-12-16T20:31:23.438179+05:30,190.45,INR,FunZone,Entertainment,Chennai,IN,ECOM,online,APPROVED,,0,,190.45,32,0,dev_dfd5e6162f,IN,,
txn_00523_b56110f6,ACC8438,CUST95890,VISA,CREDIT,Branded Cards,2025-11-26T20:09:44.438179+05:30,75.00,INR,GreenLeaf Grocers,Grocery,Pune,IN,POS,contactless,APPROVED,,0,,75.00,38,0,,IN,18.501736,73.901138
txn_00524_1a20e3ba,ACC3413,CUST70418,VISA,CREDIT,Branded Cards,2025-12-09T10:31:07.438179+05:30,283.21,INR,UrbanCart,Ecomm,Kolkata,IN,ATM,atm_pin,APPROVED,,0,,283.21,15,0,,IN,22.617749,88.371624
txn_00525_0d9bb3b5,ACC8230,CUST45728,MASTERCARD,CREDIT,Branded Cards,2025-10-03T10:58:11.438179+05:30,79.85,INR,StarCinemas,Entertainment,Hyderabad,IN,POS,contactless,APPROVED,,0,,79.85,18,0,,IN,17.385219,78.487493
txn_00526_1d7cf46d,ACC1870,CUST14677,VISA,DEBIT,Branded Cards,2025-08-11T04:50:23.438179+05:30,75.00,INR,MediPlus,Pharmacy,Hyderabad,IN,POS,chip_pin,APPROVED,,0,,75.00,48,0,,IN,17.359894,78.447808
txn_00527_49b8f7ba,ACC1050,CUST22352,MASTERCARD,CREDIT,Branded Cards,2025-11-18T20:12:31.438179+05:30,75.00,INR,QuickServices,Other,Hyderabad,IN,POS,contactless,APPROVED,,0,,75.00,55,0,,IN,17.398690,78.507285
txn_00528_e19a17f6,ACC2261,CUST32377,RUPAY,DEBIT,Branded Cards,2025-07-16T14:10:36.438179+05:30,79.68,INR,ShopSphere,Ecomm,Chennai,IN,ECOM,online,APPROVED,,0,,79.68,33,0,dev_2d0554e88b,IN,,
txn_00529_55eef366,ACC8415,CUST74312,AMEX,DEBIT,Branded Cards,2025-10-07T18:39:44.438179+05:30,76.04,INR,DailyMart,Grocery,Pune,IN,POS,chip_pin,APPROVED,,0,,76.04,14,0,,IN,18.480399,73.887089
txn_00530_a3c9f400,ACC1339,CUST29385,AMEX,DEBIT,Branded Cards,2025-09-22T06:30:42.438179+05:30,77.84,INR,Cafe Mosaic,Dining,Ahmedabad,IN,POS,contactless,APPROVED,,0,,77.84,43,0,,IN,22.999494,72.573331
txn_00531_e0479ecb,ACC9632,CUST32931,MASTERCARD,DEBIT,Branded Cards,2025-10-30T01:49:48.438179+05:30,246.81,INR,StarCinemas,Entertainment,Pune,IN,POS,contactless,APPROVED,,0,,246.81,33,0,,IN,,
txn_00532_7fb9ae49,ACC3410,CUST71121,AMEX,DEBIT,Branded Cards,2025-07-15T09:03:41.438179+05:30,148.64,INR,HealthFirst,Pharmacy,Hyderabad,IN,POS,contactless,APPROVED,,0,,148.64,55,0,,IN,17.363841,78.533647
txn_00533_002a0e3d,ACC1817,CUST42955,AMEX,CREDIT,Branded Cards,2025-12-01T01:46:48.438179+05:30,108.01,INR,Cafe Mosaic,Dining,Hyderabad,IN,POS,contactless,DECLINED,INSUFFICIENT_FUNDS,0,,108.01,36,0,,IN,17.378032,78.502725
txn_00534_42e1feb9,ACC5948,CUST88255,AMEX,CREDIT,Branded Cards,2025-10-18T08:13:16.438179+05:30,170.05,INR,FuelPoint,Fuel,Hyderabad,IN,POS,chip_pin,APPROVED,,0,,170.05,29,0,,IN,17.431691,78.446514
txn_00535_18963a6e,ACC3270,CUST79018,RUPAY,DEBIT,Branded Cards,2025-09-14T03:07:32.438179+05:30,98.34,INR,RailEase,Travel,Pune,IN,POS,contactless,APPROVED,,0,,98.34,39,0,,IN,18.548641,73.890085
txn_00536_0db4897a,ACC7433,CUST26506,AMEX,DEBIT,Branded Cards,2025-09-24T14:18:51.438179+05:30,136.30,INR,AquaFlow,Utilities,Ahmedabad,IN,POS,contactless,APPROVED,,0,,136.30,41,0,,IN,,
txn_00537_1f16de17,ACC9369,CUST16949,RUPAY,DEBIT,Branded Cards,2025-07-10T07:03:53.438179+05:30,75.00,INR,FreshBasket,Grocery,Bangalore,IN,POS,chip_pin,APPROVED,,0,,75.00,26,0,,IN,,
txn_00538_18cc0e29,ACC5050,CUST36777,MASTERCARD,DEBIT,Branded Cards,2025-12-09T21:16:57.438179+05:30,425.34,INR,SkyRoute,Travel,Delhi,IN,POS,contactless,APPROVED,,0,,425.34,9,0,,IN,28.714479,77.064603
txn_00539_6eaebb60,ACC3396,CUST93387,VISA,DEBIT,Branded Cards,2025-12-31T07:48:08.438179+05:30,160.13,INR,MediPlus,Pharmacy,Mumbai,IN,POS,contactless,APPROVED,,0,,160.13,44,0,,IN,19.111931,72.889416
txn_00540_6cc1da4d,ACC3427,CUST13666,MASTERCARD,CREDIT,Branded Cards,2025-10-24T21:53:21.438179+05:30,228.88,INR,RailEase,Travel,Pune,IN,POS,contactless,APPROVED,,0,,228.88,29,0,,IN,18.481134,73.848390
txn_00541_dc6bf2c8,ACC9244,CUST37627,VISA,DEBIT,Branded Cards,2025-10-07T19:24:51.438179+05:30,75.00,INR,GreenLeaf Grocers,Grocery,Hyderabad,IN,POS,contactless,DECLINED,INVALID_PIN,0,,75.00,22,0,,IN,17.350831,78.486764
txn_00542_8682d62f,ACC5247,CUST26963,RUPAY,CREDIT,Branded Cards,2025-07-11T02:43:54.438179+05:30,165.68,INR,RailEase,Travel,Delhi,IN,POS,contactless,APPROVED,,0,,165.68,16,0,,IN,28.746841,77.130040
txn_00543_1afd943c,ACC3850,CUST60342,AMEX,DEBIT,Branded Cards,2025-09-20T12:11:14.438179+05:30,99.05,INR,SpeedFuel,Fuel,Bangalore,IN,ECOM,online,APPROVED,,0,,99.05,32,0,dev_cbbb8ec1cb,IN,,
txn_00544_321a9240,ACC5136,CUST74369,VISA,DEBIT,Branded Cards,2025-09-15T04:06:53.438179+05:30,180.58,INR,SpeedFuel,Fuel,Mumbai,IN,POS,contactless,APPROVED,,0,,180.58,29,0,,IN,19.089740,72.883347
txn_00545_5738db52,ACC4036,CUST99438,MASTERCARD,CREDIT,Branded Cards,2025-07-24T19:18:05.438179+05:30,418.79,INR,CityCab,Travel,Pune,IN,POS,chip_pin,APPROVED,,0,,418.79,39,0,,IN,,
txn_00546_7fab9b07,ACC4777,CUST16747,RUPAY,CREDIT,Branded Cards,2025-08-04T18:51:02.438179+05:30,142.37,INR,ClickBazaar,Ecomm,Ahmedabad,IN,POS,contactless,APPROVED,,0,,142.37,10,0,,IN,23.024225,72.531491
txn_00547_b2908892,ACC2816,CUST86385,AMEX,CREDIT,Branded Cards,2025-09-07T04:57:13.438179+05:30,108.67,INR,UrbanCart,Ecomm,Hyderabad,IN,POS,contactless,DECLINED,SUSPECTED_FRAUD,0,,108.67,44,0,,IN,17.374922,78.442365
txn_00548_d5c2c94d,ACC1579,CUST55330,VISA,CREDIT,Branded Cards,2025-12-17T23:22:34.438179+05:30,362.38,INR,AquaFlow,Utilities,Hyderabad,IN,POS,chip_pin,APPROVED,,0,,362.38,9,0,,IN,17.391386,78.497700
txn_00549_cfb57f2e,ACC4214,CUST80016,VISA,DEBIT,Branded Cards,2025-08-03T00:43:04.438179+05:30,274.72,INR,CityCab,Travel,Bangalore,IN,POS,contactless,APPROVED,,0,,274.72,19,0,,IN,12.927136,77.621961
txn_00550_5a0ed9b7,ACC4172,CUST54974,VISA,DEBIT,Branded Cards,2025-09-16T12:25:19.438179+05:30,75.00,INR,DailyMart,Grocery,Kolkata,IN,ECOM,online,APPROVED,,0,,75.00,40,0,dev_e7fb876271,IN,,
txn_00551_a8164d18,ACC2258,CUST20011,MASTERCARD,CREDIT,Branded Cards,2025-11-01T18:44:15.438179+05:30,75.00,SGD,FuelPoint,Fuel,Bangalore,SG,POS,chip_pin,APPROVED,,1,68.63,5147.04,41,0,,IN,12.961382,77.610358
txn_00552_1ab88733,ACC1884,CUST55434,MASTERCARD,DEBIT,Branded Cards,2025-09-21T15:53:22.438179+05:30,75.00,INR,PowerGrid,Utilities,Ahmedabad,IN,ECOM,online,APPROVED,,0,,75.00,49,0,dev_8ab2a12a55,IN,,
txn_00553_b2c68986,ACC8213,CUST95184,RUPAY,DEBIT,Branded Cards,2025-09-11T10:22:18.438179+05:30,102.54,INR,SpeedFuel,Fuel,Delhi,IN,ECOM,online,APPROVED,,0,,102.54,32,0,dev_fa092e9fab,IN,,
txn_00554_39757433,ACC4370,CUST59719,VISA,DEBIT,Branded Cards,2025-11-18T22:50:08.438179+05:30,75.00,INR,DailyMart,Grocery,Hyderabad,IN,POS,contactless,APPROVED,,0,,75.00,36,0,,IN,17.373259,78.481102
txn_00555_5748218a,ACC8111,CUST66039,VISA,DEBIT,Branded Cards,2025-12-22T10:33:17.438179+05:30,75.00,INR,GreenLeaf Grocers,Grocery,Chennai,IN,ATM,atm_pin,APPROVED,,0,,75.00,21,0,,IN,13.091796,80.296425
txn_00556_46368d12,ACC6926,CUST45225,RUPAY,DEBIT,Branded Cards,2025-07-21T05:24:36.438179+05:30,75.00,INR,LocalStore,Other,Kolkata,IN,POS,contactless,APPROVED,,0,,75.00,39,0,,IN,22.579708,88.317761
txn_00557_0eff6a6b,ACC2303,CUST46234,VISA,CREDIT,Branded Cards,2025-08-01T18:27:12.438179+05:30,75.00,INR,TasteHub,Dining,Chennai,IN,ECOM,online,APPROVED,,0,,75.00,43,0,dev_378e7de390,IN,,
txn_00558_3b906c08,ACC2875,CUST95799,AMEX,CREDIT,Branded Cards,2025-12-27T07:49:21.438179+05:30,75.00,INR,StarCinemas,Entertainment,Hyderabad,IN,ECOM,online,APPROVED,,0,,75.00,20,0,dev_a79e31ecfd,IN,,
txn_00559_3caaa31e,ACC4343,CUST52701,RUPAY,DEBIT,Branded Cards,2025-08-12T01:00:37.438179+05:30,75.00,AED,GreenLeaf Grocers,Grocery,Pune,AE,POS,contactless,APPROVED,,1,23.24,1743.20,29,0,,IN,18.514781,73.857804
txn_00560_ee28b2f4,ACC3458,CUST87493,RUPAY,CREDIT,Branded Cards,2025-12-30T10:39:47.438179+05:30,99.04,INR,HealthFirst,Pharmacy,Delhi,IN,POS,contactless,APPROVED,,0,,99.04,23,0,,IN,28.670131,77.056961
txn_00561_1414f827,ACC2266,CUST39436,MASTERCARD,DEBIT,Branded Cards,2025-08-13T20:11:57.438179+05:30,89.14,INR,CityServices,Other,Chennai,IN,ATM,atm_pin,APPROVED,,0,,89.14,53,0,,IN,,
txn_00562_fa3bc921,ACC6930,CUST40263,RUPAY,CREDIT,Branded Cards,2025-09-11T03:04:08.438179+05:30,75.00,INR,QuickServices,Other,Ahmedabad,IN,ECOM,online,APPROVED,,0,,75.00,66,0,dev_3e5424aae4,IN,,
txn_00563_d3a81c4f,ACC3052,CUST80466,VISA,CREDIT,Branded Cards,2025-11-03T23:41:24.438179+05:30,75.00,INR,PlayArena,Entertainment,Kolkata,IN,POS,contactless,APPROVED,,0,,75.00,19,0,,IN,22.564485,88.370834
txn_00564_2ab18038,ACC2979,CUST64870,MASTERCARD,DEBIT,Branded Cards,2025-10-29T18:20:22.438179+05:30,91.19,INR,Cafe Mosaic,Dining,Chennai,IN,POS,contactless,APPROVED,,0,,91.19,54,0,,IN,13.050692,80.266107
txn_00565_d3208f77,ACC6515,CUST87526,RUPAY,CREDIT,Branded Cards,2025-08-02T16:04:49.438179+05:30,422.02,INR,SkyRoute,Travel,Kolkata,IN,POS,chip_pin,APPROVED,,0,,422.02,40,0,,IN,22.551939,88.347581
txn_00566_ea956113,ACC9345,CUST20982,VISA,CREDIT,Branded Cards,2025-11-28T14:14:51.438179+05:30,152.09,INR,FuelPoint,Fuel,Chennai,IN,ATM,atm_pin,APPROVED,,0,,152.09,49,0,,IN,13.051045,80.297296
txn_00567_ed944378,ACC7990,CUST47389,AMEX,DEBIT,Branded Cards,2025-10-15T00:32:51.438179+05:30,75.00,INR,HealthFirst,Pharmacy,Ahmedabad,IN,POS,contactless,APPROVED,,0,,75.00,41,0,,IN,23.025019,72.572223
txn_00568_f06fbb0f,ACC5250,CUST89451,AMEX,CREDIT,Branded Cards,2025-12-09T06:05:45.438179+05:30,95.10,INR,SkyRoute,Travel,Pune,IN,POS,contactless,APPROVED,,0,,95.10,22,0,,IN,18.492763,73.823632
txn_00569_d84126ac,ACC2965,CUST68249,AMEX,CREDIT,Branded Cards,2025-09-16T20:34:20.438179+05:30,112.82,INR,SpeedFuel,Fuel,Delhi,IN,POS,chip_pin,APPROVED,,0,,112.82,34,0,,IN,28.665061,77.123132
txn_00570_c6ec757f,ACC2213,CUST51262,AMEX,CREDIT,Branded Cards,2025-12-26T22:45:08.438179+05:30,129.47,INR,CityCab,Travel,Mumbai,IN,ATM,atm_pin,APPROVED,,0,,129.47,26,0,,IN,19.089062,72.878984
txn_00571_bbcaa210,ACC9138,CUST47040,VISA,DEBIT,Branded Cards,2025-12-03T07:18:04.438179+05:30,376.63,INR,ClickBazaar,Ecomm,Bangalore,IN,ATM,atm_pin,APPROVED,,0,,376.63,17,0,,IN,12.936743,77.625987
txn_00572_4cd36406,ACC4799,CUST48288,VISA,CREDIT,Branded Cards,2025-07-17T20:52:14.438179+05:30,87.90,AED,DailyMart,Grocery,Mumbai,AE,POS,chip_pin,APPROVED,,1,23.68,2081.50,45,0,,IN,19.091694,72.845706
txn_00573_f4d1183f,ACC6224,CUST96587,RUPAY,DEBIT,Branded Cards,2025-12-07T01:52:34.438179+05:30,209.75,INR,NetConnect,Utilities,Ahmedabad,IN,POS,chip_pin,APPROVED,,0,,209.75,25,0,,IN,23.014987,72.539019
txn_00574_42bd31c4,ACC1895,CUST45168,RUPAY,CREDIT,Branded Cards,2025-09-03T06:33:34.438179+05:30,75.00,INR,FunZone,Entertainment,Kolkata,IN,ECOM,online,DECLINED,INVALID_PIN,0,,75.00,42,0,dev_6c7123bc96,IN,,
txn_00575_171acd35,ACC6460,CUST56229,AMEX,CREDIT,Branded Cards,2025-08-17T12:13:13.438179+05:30,84.01,INR,Cafe Mosaic,Dining,Kolkata,IN,POS,chip_pin,APPROVED,,0,,84.01,39,0,,IN,22.594823,88.394141
txn_00576_f0a4be8a,ACC1223,CUST14728,VISA,CREDIT,Branded Cards,2025-12-30T19:21:35.438179+05:30,117.39,INR,NetConnect,Utilities,Pune,IN,ATM,atm_pin,APPROVED,,0,,117.39,28,0,,IN,18.491962,73.880033
txn_00577_d17bd6cc,ACC5423,CUST21130,VISA,DEBIT,Branded Cards,2025-12-17T11:50:27.438179+05:30,75.00,INR,StarCinemas,Entertainment,Delhi,IN,POS,chip_pin,APPROVED,,0,,75.00,12,0,,IN,28.691886,77.092575
txn_00578_198493ce,ACC5329,CUST95989,RUPAY,CREDIT,Branded Cards,2025-08-10T21:22:04.438179+05:30,75.00,INR,GreenLeaf Grocers,Grocery,Delhi,IN,POS,contactless,APPROVED,,0,,75.00,37,0,,IN,28.684315,77.098391
txn_00579_f392b60b,ACC7106,CUST81641,RUPAY,DEBIT,Branded Cards,2025-12-08T22:03:52.438179+05:30,181.08,INR,MediPlus,Pharmacy,Pune,IN,ATM,atm_pin,APPROVED,,0,,181.08,20,0,,IN,18.569715,73.879456
txn_00580_d68bc80f,ACC8758,CUST78603,MASTERCARD,CREDIT,Branded Cards,2025-08-13T06:04:06.438179+05:30,75.00,INR,MediPlus,Pharmacy,Ahmedabad,IN,POS,chip_pin,APPROVED,,0,,75.00,36,0,,IN,22.980889,72.561720
txn_00581_8babb414,ACC9188,CUST51027,VISA,DEBIT,Branded Cards,2025-07-23T05:56:53.438179+05:30,124.26,EUR,Cafe Mosaic,Dining,Hyderabad,DE,ECOM,online,APPROVED,,1,91.58,11379.69,92,1,dev_cb8ffa1194,IN,,
txn_00582_6c9734c0,ACC9113,CUST32376,AMEX,DEBIT,Branded Cards,2025-07-28T19:25:53.438179+05:30,75.44,INR,PlayArena,Entertainment,Mumbai,IN,ATM,atm_pin,APPROVED,,0,,75.44,17,0,,IN,19.123192,72.831606
txn_00583_af5db99c,ACC4349,CUST90478,RUPAY,CREDIT,Branded Cards,2025-10-01T19:37:15.438179+05:30,78.27,INR,LocalStore,Other,Kolkata,IN,POS,chip_pin,APPROVED,,0,,78.27,28,0,,IN,22.539195,88.342920
txn_00584_112a0ef5,ACC1091,CUST50873,AMEX,DEBIT,Branded Cards,2025-07-10T07:41:53.438179+05:30,75.00,INR,StarCinemas,Entertainment,Chennai,IN,ATM,atm_pin,APPROVED,,0,,75.00,35,0,,IN,13.074330,80.235735
txn_00585_d21cf643,ACC7982,CUST86607,MASTERCARD,CREDIT,Branded Cards,2025-10-19T01:09:32.438179+05:30,245.43,INR,LocalStore,Other,Chennai,IN,POS,contactless,APPROVED,,0,,245.43,27,0,,IN,13.125488,80.248158
txn_00586_548560db,ACC5542,CUST90725,RUPAY,DEBIT,Branded Cards,2025-07-17T21:17:41.438179+05:30,75.00,INR,CityServices,Other,Pune,IN,POS,chip_pin,APPROVED,,0,,75.00,13,0,,IN,18.529132,73.883305
txn_00587_8f65abf9,ACC7442,CUST59454,MASTERCARD,CREDIT,Branded Cards,2025-09-28T21:15:21.438179+05:30,127.79,INR,FreshBasket,Grocery,Pune,IN,POS,chip_pin,APPROVED,,0,,127.79,35,0,,IN,18.520438,73.818430
txn_00588_4023539b,ACC2970,CUST83125,AMEX,DEBIT,Branded Cards,2025-09-15T14:47:20.438179+05:30,286.75,INR,LocalStore,Other,Mumbai,IN,ECOM,online,APPROVED,,0,,286.75,67,0,dev_b17d76c495,IN,,
txn_00589_2dd34f8e,ACC1174,CUST35668,AMEX,CREDIT,Branded Cards,2025-09-14T01:23:16.438179+05:30,195.06,INR,DailyMart,Grocery,Ahmedabad,IN,ECOM,online,APPROVED,,0,,195.06,40,0,dev_6130e4541b,IN,,
txn_00590_40c71862,ACC5492,CUST91955,MASTERCARD,CREDIT,Branded Cards,2025-12-21T17:41:55.438179+05:30,112.49,INR,Cafe Mosaic,Dining,Mumbai,IN,ECOM,online,APPROVED,,0,,112.49,62,0,dev_b2fee8acf1,IN,,
txn_00591_21b3b264,ACC2356,CUST64994,VISA,DEBIT,Branded Cards,2025-12-06T12:29:25.438179+05:30,155.38,INR,FunZone,Entertainment,Delhi,IN,POS,chip_pin,DECLINED,INSUFFICIENT_FUNDS,0,,155.38,16,0,,IN,,
txn_00592_aa1c5dca,ACC7605,CUST64575,RUPAY,CREDIT,Branded Cards,2025-07-19T12:17:33.438179+05:30,212.83,INR,PowerGrid,Utilities,Hyderabad,IN,ATM,atm_pin,APPROVED,,0,,212.83,42,0,,IN,17.371626,78.438117
txn_00593_8f80d1ef,ACC6745,CUST25429,VISA,CREDIT,Branded Cards,2025-10-09T21:33:19.438179+05:30,75.00,INR,QuickServices,Other,Hyderabad,IN,POS,contactless,DECLINED,LIMIT_EXCEEDED,0,,75.00,52,0,,IN,17.429109,78.467816
txn_00594_f1780077,ACC5042,CUST50341,VISA,DEBIT,Branded Cards,2025-07-14T15:08:42.438179+05:30,114.45,INR,SpeedFuel,Fuel,Mumbai,IN,POS,chip_pin,APPROVED,,0,,114.45,10,0,,IN,,
txn_00595_fab1fa12,ACC5832,CUST43994,MASTERCARD,CREDIT,Branded Cards,2025-07-10T22:31:32.438179+05:30,75.00,INR,SpiceTrail,Dining,Kolkata,IN,ECOM,online,APPROVED,,0,,75.00,28,0,dev_33e2318ce6,IN,,
txn_00596_cf97b016,ACC5729,CUST37190,AMEX,CREDIT,Branded Cards,2025-10-09T20:11:22.438179+05:30,81.77,INR,FunZone,Entertainment,Chennai,IN,POS,contactless,APPROVED,,0,,81.77,41,0,,IN,13.102919,80.255392
txn_00597_96a0c726,ACC1554,CUST52253,AMEX,CREDIT,Branded Cards,2025-07-10T10:43:20.438179+05:30,95.31,INR,QuickServices,Other,Hyderabad,IN,POS,contactless,DECLINED,INSUFFICIENT_FUNDS,0,,95.31,34,0,,IN,17.372228,78.474491
txn_00598_6f5a181a,ACC7542,CUST72072,AMEX,CREDIT,Branded Cards,2025-11-04T05:20:06.438179+05:30,132.94,INR,CityCab,Travel,Ahmedabad,IN,POS,chip_pin,APPROVED,,0,,132.94,33,0,,IN,23.018145,72.578997
txn_00599_29fd9b08,ACC9391,CUST31808,AMEX,DEBIT,Branded Cards,2025-10-20T16:48:01.438179+05:30,75.00,INR,PlayArena,Entertainment,Kolkata,IN,POS,chip_pin,APPROVED,,0,,75.00,54,0,,IN,22.580349,88.373208
txn_00600_334dd7aa,ACC3819,CUST49489,MASTERCARD,CREDIT,Branded Cards,2025-10-19T11:36:17.438179+05:30,920.33,INR,RailEase,Travel,Chennai,IN,ECOM,online,DECLINED,INSUFFICIENT_FUNDS,0,,920.33,26,0,dev_a8003742ae,IN,,
txn_00601_b4cb1a42,ACC4977,CUST22559,MASTERCARD,CREDIT,Branded Cards,2025-09-28T09:51:08.438179+05:30,203.03,INR,UrbanCart,Ecomm,Mumbai,IN,ECOM,online,APPROVED,,0,,203.03,46,0,dev_d46054a51c,IN,,
txn_00602_06e2ac94,ACC4632,CUST89760,AMEX,CREDIT,Branded Cards,2025-11-21T05:58:09.438179+05:30,75.00,INR,HealthFirst,Pharmacy,Hyderabad,IN,ECOM,online,APPROVED,,0,,75.00,54,0,dev_f8bd8cc32e,IN,,
txn_00603_26976497,ACC5668,CUST50775,AMEX,DEBIT,Branded Cards,2025-09-27T21:01:51.438179+05:30,75.00,INR,NetConnect,Utilities,Bangalore,IN,POS,contactless,APPROVED,,0,,75.00,32,0,,IN,12.960007,77.562588
txn_00604_931e5f89,ACC9306,CUST60330,VISA,DEBIT,Branded Cards,2025-07-13T21:58:34.438179+05:30,91.21,INR,MediPlus,Pharmacy,Delhi,IN,POS,chip_pin,APPROVED,,0,,91.21,30,0,,IN,28.655322,77.084403
txn_00605_c9162eb7,ACC3930,CUST65583,VISA,DEBIT,Branded Cards,2025-08-22T00:34:09.438179+05:30,75.00,INR,HealthFirst,Pharmacy,Bangalore,IN,POS,contactless,APPROVED,,0,,75.00,50,0,,IN,12.975102,77.581086
txn_00606_4bd01f7a,ACC1385,CUST81139,VISA,CREDIT,Branded Cards,2025-10-29T08:01:25.438179+05:30,75.00,INR,DailyMart,Grocery,Hyderabad,IN,POS,contactless,APPROVED,,0,,75.00,43,0,,IN,17.360233,78.470446
txn_00607_e489149f,ACC5500,CUST55270,AMEX,DEBIT,Branded Cards,2025-09-09T16:03:28.438179+05:30,75.00,INR,MediPlus,Pharmacy,Ahmedabad,IN,POS,chip_pin,APPROVED,,0,,75.00,11,0,,IN,22.986964,72.570745
txn_00608_1429ef31,ACC6534,CUST93458,MASTERCARD,DEBIT,Branded Cards,2025-10-19T23:08:50.438179+05:30,105.41,INR,FreshBasket,Grocery,Chennai,IN,POS,chip_pin,APPROVED,,0,,105.41,37,0,,IN,,
txn_00609_3e668eb8,ACC1800,CUST59051,RUPAY,CREDIT,Branded Cards,2025-08-11T21:18:45.438179+05:30,668.90,INR,RailEase,Travel,Hyderabad,IN,ECOM,online,APPROVED,,0,,668.90,67,0,dev_da8a063bf5,IN,,
txn_00610_46573d38,ACC5375,CUST70613,MASTERCARD,DEBIT,Branded Cards,2025-08-04T15:25:00.438179+05:30,94.84,INR,TasteHub,Dining,Delhi,IN,POS,chip_pin,APPROVED,,0,,94.84,31,0,,IN,28.732305,77.118221
txn_00611_639817e5,ACC8792,CUST83093,AMEX,CREDIT,Branded Cards,2026-01-02T02:02:40.438179+05:30,423.71,INR,ShopSphere,Ecomm,Bangalore,IN,ECOM,online,APPROVED,,0,,423.71,51,0,dev_5498610b0b,IN,,
txn_00612_a1a262d0,ACC8971,CUST83574,AMEX,DEBIT,Branded Cards,2025-10-09T11:30:20.438179+05:30,96.64,INR,AquaFlow,Utilities,Delhi,IN,POS,contactless,APPROVED,,0,,96.64,41,0,,IN,,
txn_00613_05fe16de,ACC5651,CUST82933,MASTERCARD,DEBIT,Branded Cards,2025-09-02T05:59:06.438179+05:30,98.89,INR,Cafe Mosaic,Dining,Chennai,IN,POS,contactless,DECLINED,LIMIT_EXCEEDED,0,,98.89,31,0,,IN,,
txn_00614_6894844f,ACC6767,CUST38541,RUPAY,CREDIT,Branded Cards,2025-09-19T16:42:47.438179+05:30,75.00,INR,WellnessRx,Pharmacy,Mumbai,IN,POS,chip_pin,APPROVED,,0,,75.00,54,0,,IN,19.099446,72.867812
txn_00615_76c31071,ACC5690,CUST68911,AMEX,DEBIT,Branded Cards,2025-11-26T08:03:50.438179+05:30,149.70,INR,NetConnect,Utilities,Mumbai,IN,ECOM,online,APPROVED,,0,,149.70,65,0,dev_7e676a504c,IN,,
txn_00616_a2ec377a,ACC1475,CUST91117,RUPAY,DEBIT,Branded Cards,2025-11-09T09:29:09.438179+05:30,75.00,INR,GreenLeaf Grocers,Grocery,Chennai,IN,ECOM,online,APPROVED,,0,,75.00,29,0,dev_696b13b71d,IN,,
txn_00617_d9add9e0,ACC3644,CUST70000,VISA,DEBIT,Branded Cards,2025-10-03T05:49:04.438179+05:30,120.13,INR,DailyMart,Grocery,Pune,IN,POS,contactless,APPROVED,,0,,120.13,37,0,,IN,,
txn_00618_cdbe6de6,ACC6427,CUST30875,MASTERCARD,DEBIT,Branded Cards,2025-11-03T21:42:08.438179+05:30,170.19,INR,UrbanCart,Ecomm,Delhi,IN,POS,chip_pin,APPROVED,,0,,170.19,55,0,,IN,28.700241,77.116638
txn_00619_b73e54c3,ACC9751,CUST13109,VISA,CREDIT,Branded Cards,2025-09-14T21:01:31.438179+05:30,75.00,INR,GreenLeaf Grocers,Grocery,Kolkata,IN,ECOM,online,APPROVED,,0,,75.00,24,0,dev_89b74a3db6,IN,,
txn_00620_69b35bf2,ACC6567,CUST28605,VISA,DEBIT,Branded Cards,2025-11-03T20:57:37.438179+05:30,75.00,INR,WellnessRx,Pharmacy,Bangalore,IN,POS,contactless,APPROVED,,0,,75.00,42,0,,IN,12.932778,77.561495
txn_00621_c2e60c05,ACC3294,CUST29401,MASTERCARD,DEBIT,Branded Cards,2025-08-25T04:01:46.438179+05:30,75.00,INR,MetroPetro,Fuel,Mumbai,IN,POS,contactless,APPROVED,,0,,75.00,33,0,,IN,19.082823,72.887143
txn_00622_20e8dae1,ACC3400,CUST89619,VISA,CREDIT,Branded Cards,2025-10-23T00:32:30.438179+05:30,139.55,INR,NetConnect,Utilities,Chennai,IN,ECOM,online,APPROVED,,0,,139.55,61,0,dev_be278976c9,IN,,
txn_00623_a4d37418,ACC3553,CUST86957,AMEX,CREDIT,Branded Cards,2025-08-30T03:05:16.438179+05:30,75.00,INR,FreshBasket,Grocery,Hyderabad,IN,POS,chip_pin,APPROVED,,0,,75.00,15,0,,IN,,
txn_00624_266c3392,ACC5559,CUST89775,AMEX,DEBIT,Branded Cards,2025-12-05T14:51:55.438179+05:30,75.00,INR,PlayArena,Entertainment,Delhi,IN,ECOM,online,APPROVED,,0,,75.00,51,0,dev_344f2ed3eb,SG,,
txn_00625_a05be230,ACC2619,CUST53190,MASTERCARD,DEBIT,Branded Cards,2025-08-29T12:05:04.438179+05:30,76.11,INR,FunZone,Entertainment,Bangalore,IN,ECOM,online,APPROVED,,0,,76.11,42,0,dev_08aa0be687,IN,,
txn_00626_4708b42e,ACC2496,CUST34905,AMEX,CREDIT,Branded Cards,2025-12-20T09:42:18.438179+05:30,75.00,INR,DailyMart,Grocery,Pune,IN,POS,chip_pin,APPROVED,,0,,75.00,34,0,,IN,18.568338,73.833276
txn_00627_199177b9,ACC9886,CUST87250,AMEX,CREDIT,Branded Cards,2025-11-10T16:44:52.438179+05:30,404.22,INR,ShopSphere,Ecomm,Pune,IN,POS,contactless,APPROVED,,0,,404.22,17,0,,IN,18.514590,73.854304
txn_00628_fe034a0e,ACC1008,CUST42997,RUPAY,DEBIT,Branded Cards,2025-09-22T16:38:11.438179+05:30,105.07,INR,GreenLeaf Grocers,Grocery,Kolkata,IN,ECOM,online,APPROVED,,0,,105.07,46,0,dev_c19d4a305f,IN,,
txn_00629_7cd21263,ACC1106,CUST51839,AMEX,DEBIT,Branded Cards,2025-08-27T21:24:01.438179+05:30,144.52,INR,CityCab,Travel,Ahmedabad,IN,POS,contactless,APPROVED,,0,,144.52,45,0,,IN,23.070223,72.615970
txn_00630_36955a61,ACC6033,CUST75769,RUPAY,CREDIT,Branded Cards,2025-10-19T02:52:46.438179+05:30,178.07,INR,SkyRoute,Travel,Kolkata,IN,ECOM,online,APPROVED,,0,,178.07,31,0,dev_c31bd487bb,IN,,
txn_00631_fb2cef68,ACC8762,CUST95654,RUPAY,CREDIT,Branded Cards,2025-08-05T23:21:06.438179+05:30,75.00,INR,TasteHub,Dining,Pune,IN,POS,chip_pin,APPROVED,,0,,75.00,15,0,,IN,18.486113,73.902371
txn_00632_f0a30219,ACC7620,CUST17249,AMEX,CREDIT,Branded Cards,2025-09-23T01:39:23.438179+05:30,116.59,INR,Cafe Mosaic,Dining,Hyderabad,IN,POS,contactless,APPROVED,,0,,116.59,32,0,,IN,17.411270,78.437267
txn_00633_9e1823a2,ACC9240,CUST67685,MASTERCARD,DEBIT,Branded Cards,2025-10-27T10:38:28.438179+05:30,75.00,INR,SpiceTrail,Dining,Pune,IN,POS,contactless,APPROVED,,0,,75.00,25,0,,IN,18.544302,73.886447
txn_00634_46aaf714,ACC9812,CUST58424,VISA,CREDIT,Branded Cards,2025-09-15T04:10:56.438179+05:30,437.08,INR,CityCab,Travel,Ahmedabad,IN,ATM,atm_pin,APPROVED,,0,,437.08,42,0,,IN,22.982644,72.585363
txn_00635_42be7d36,ACC9700,CUST48196,VISA,DEBIT,Branded Cards,2025-07-13T13:44:07.438179+05:30,311.74,INR,RailEase,Travel,Mumbai,IN,POS,contactless,APPROVED,,0,,311.74,33,0,,IN,19.083273,72.903979
txn_00636_bf660225,ACC1379,CUST28385,MASTERCARD,CREDIT,Branded Cards,2025-12-05T15:08:52.438179+05:30,75.00,INR,AquaFlow,Utilities,Ahmedabad,IN,ECOM,online,APPROVED,,0,,75.00,55,0,dev_41424f8429,IN,,
txn_00637_bc03daa7,ACC2237,CUST84095,RUPAY,DEBIT,Branded Cards,2025-12-12T18:12:15.438179+05:30,75.00,INR,HealthFirst,Pharmacy,Bangalore,IN,ECOM,online,DECLINED,LIMIT_EXCEEDED,0,,75.00,21,0,dev_a25570cefc,IN,,
txn_00638_fe8db353,ACC3493,CUST95254,VISA,CREDIT,Branded Cards,2025-10-13T11:52:20.438179+05:30,75.00,INR,QuickServices,Other,Ahmedabad,IN,POS,chip_pin,APPROVED,,0,,75.00,33,0,,IN,,
txn_00639_db06f072,ACC4651,CUST86595,MASTERCARD,DEBIT,Branded Cards,2025-07-17T02:38:21.438179+05:30,90.80,INR,PlayArena,Entertainment,Kolkata,IN,ECOM,online,APPROVED,,0,,90.80,53,0,dev_266d59ade7,AE,,
txn_00640_a87da2af,ACC4421,CUST36437,RUPAY,CREDIT,Branded Cards,2025-10-20T08:35:09.438179+05:30,243.01,INR,NetConnect,Utilities,Delhi,IN,POS,chip_pin,APPROVED,,0,,243.01,25,0,,IN,,
txn_00641_d08308b0,ACC3042,CUST22170,RUPAY,DEBIT,Branded Cards,2025-11-21T20:04:57.438179+05:30,248.02,INR,ShopSphere,Ecomm,Chennai,IN,POS,contactless,APPROVED,,0,,248.02,33,0,,IN,13.053263,80.258750
txn_00642_1cab87e2,ACC8486,CUST12116,VISA,CREDIT,Branded Cards,2026-01-04T00:41:40.438179+05:30,146.94,INR,ShopSphere,Ecomm,Ahmedabad,IN,ECOM,online,APPROVED,,0,,146.94,49,0,dev_417a5cd426,IN,,
txn_00643_040ebf47,ACC5500,CUST94850,RUPAY,DEBIT,Branded Cards,2025-10-15T12:52:45.438179+05:30,184.43,INR,MetroPetro,Fuel,Chennai,IN,ATM,atm_pin,APPROVED,,0,,184.43,10,0,,IN,13.113717,80.308294
txn_00644_efb0ce3b,ACC9496,CUST29841,MASTERCARD,CREDIT,Branded Cards,2025-07-18T07:55:07.438179+05:30,75.00,INR,RailEase,Travel,Bangalore,IN,POS,chip_pin,APPROVED,,0,,75.00,44,0,,IN,12.937348,77.561842
txn_00645_24f384ef,ACC7679,CUST16094,AMEX,CREDIT,Branded Cards,2025-08-20T00:48:13.438179+05:30,204.34,INR,SkyRoute,Travel,Ahmedabad,IN,POS,contactless,APPROVED,,0,,204.34,26,0,,IN,23.019550,72.594895
txn_00646_db5ed35a,ACC1011,CUST50819,MASTERCARD,CREDIT,Branded Cards,2025-09-05T21:26:15.438179+05:30,75.00,INR,SpeedFuel,Fuel,Chennai,IN,ECOM,online,APPROVED,,0,,75.00,25,0,dev_708966f42b,IN,,
txn_00647_39bdc3ed,ACC2346,CUST22424,AMEX,CREDIT,Branded Cards,2025-09-24T04:15:10.438179+05:30,110.83,INR,NetConnect,Utilities,Chennai,IN,ATM,atm_pin,APPROVED,,0,,110.83,13,0,,IN,13.045681,80.314929
txn_00648_53f42383,ACC7914,CUST59121,VISA,CREDIT,Branded Cards,2025-07-20T09:14:37.438179+05:30,220.60,INR,UrbanCart,Ecomm,Delhi,IN,ECOM,online,APPROVED,,0,,220.60,25,0,dev_c244482593,IN,,
txn_00649_d1263905,ACC7646,CUST69258,VISA,DEBIT,Branded Cards,2025-11-11T22:01:51.438179+05:30,75.00,INR,FreshBasket,Grocery,Delhi,IN,POS,chip_pin,APPROVED,,0,,75.00,35,0,,IN,28.688490,77.115371
txn_00650_c3659e51,ACC9504,CUST44454,AMEX,DEBIT,Branded Cards,2025-12-20T01:13:35.438179+05:30,75.00,INR,FuelPoint,Fuel,Hyderabad,IN,ECOM,online,APPROVED,,0,,75.00,38,0,dev_ab18b47298,IN,,
txn_00651_153d5754,ACC9269,CUST33935,RUPAY,CREDIT,Branded Cards,2025-09-25T19:55:46.438179+05:30,94.69,INR,QuickServices,Other,Mumbai,IN,POS,contactless,APPROVED,,0,,94.69,27,0,,IN,19.069616,72.926131
txn_00652_2ab05af8,ACC7135,CUST30807,MASTERCARD,CREDIT,Branded Cards,2025-12-11T08:30:01.438179+05:30,243.73,INR,ShopSphere,Ecomm,Pune,IN,ECOM,online,APPROVED,,0,,243.73,50,0,dev_fff2794e8b,IN,,
txn_00653_77cf1eb6,ACC6274,CUST27841,MASTERCARD,CREDIT,Branded Cards,2025-10-21T14:31:05.438179+05:30,142.14,INR,CityServices,Other,Kolkata,IN,ECOM,online,APPROVED,,0,,142.14,47,0,dev_6bf8d592a7,IN,,
txn_00654_976710d7,ACC4168,CUST42580,VISA,DEBIT,Branded Cards,2025-10-08T11:57:47.438179+05:30,75.00,INR,CityServices,Other,Hyderabad,IN,POS,chip_pin,DECLINED,NETWORK_ERROR,0,,75.00,20,0,,IN,17.350944,78.478601
txn_00655_4fa83870,ACC9589,CUST23449,MASTERCARD,DEBIT,Branded Cards,2025-07-28T16:44:32.438179+05:30,139.21,INR,CityCab,Travel,Mumbai,IN,ECOM,online,APPROVED,,0,,139.21,50,0,dev_1ea3027b21,IN,,
txn_00656_0a7d1de0,ACC7250,CUST43482,RUPAY,CREDIT,Branded Cards,2025-12-07T15:42:23.438179+05:30,187.67,INR,FunZone,Entertainment,Mumbai,IN,POS,contactless,APPROVED,,0,,187.67,22,0,,IN,,
txn_00657_6bf2d5d9,ACC1928,CUST93631,RUPAY,DEBIT,Branded Cards,2025-12-10T04:19:45.438179+05:30,360.92,INR,RailEase,Travel,Ahmedabad,IN,ECOM,online,APPROVED,,0,,360.92,44,0,dev_b3d632919d,IN,,
txn_00658_1a9d7acc,ACC8993,CUST83488,AMEX,DEBIT,Branded Cards,2025-08-02T17:56:15.438179+05:30,75.00,INR,LocalStore,Other,Kolkata,IN,ECOM,online,APPROVED,,0,,75.00,34,0,dev_aa6f0b5b2b,IN,,
txn_00659_b7e1c9a2,ACC1653,CUST55521,RUPAY,DEBIT,Branded Cards,2025-07-23T22:30:08.438179+05:30,112.74,INR,GreenLeaf Grocers,Grocery,Mumbai,IN,POS,chip_pin,APPROVED,,0,,112.74,48,0,,IN,19.086381,72.909228
txn_00660_baa380fa,ACC8481,CUST43228,RUPAY,CREDIT,Branded Cards,2025-10-06T02:00:16.438179+05:30,90.04,INR,WellnessRx,Pharmacy,Kolkata,IN,ECOM,online,DECLINED,LIMIT_EXCEEDED,0,,90.04,18,0,dev_cd69824369,IN,,
txn_00661_d0c29b24,ACC3818,CUST75514,AMEX,CREDIT,Branded Cards,2025-12-14T02:22:44.438179+05:30,114.54,INR,Cafe Mosaic,Dining,Bangalore,IN,POS,contactless,APPROVED,,0,,114.54,46,0,,IN,12.961732,77.579454
txn_00662_59c085a8,ACC6521,CUST67379,AMEX,CREDIT,Branded Cards,2025-10-05T08:44:03.438179+05:30,183.30,INR,AquaFlow,Utilities,Mumbai,IN,ECOM,online,APPROVED,,0,,183.30,48,0,dev_b5db213e31,IN,,
txn_00663_a9c6d4e3,ACC7629,CUST44520,MASTERCARD,DEBIT,Branded Cards,2025-11-29T02:08:46.438179+05:30,75.00,INR,FreshBasket,Grocery,Pune,IN,POS,contactless,APPROVED,,0,,75.00,17,0,,IN,18.541567,73.898170
txn_00664_3ef389ba,ACC9978,CUST30317,AMEX,DEBIT,Branded Cards,2025-07-19T04:33:46.438179+05:30,722.31,INR,CityCab,Travel,Mumbai,IN,ECOM,online,APPROVED,,0,,722.31,19,0,dev_71398e1f36,IN,,
txn_00665_ff9558a3,ACC4149,CUST64044,VISA,DEBIT,Branded Cards,2025-11-18T19:39:01.438179+05:30,193.47,INR,ClickBazaar,Ecomm,Pune,IN,POS,chip_pin,APPROVED,,0,,193.47,44,0,,IN,18.514295,73.862332
txn_00666_3f3488a3,ACC9819,CUST85885,RUPAY,DEBIT,Branded Cards,2025-12-04T11:00:47.438179+05:30,75.00,INR,TasteHub,Dining,Chennai,IN,ECOM,online,APPROVED,,0,,75.00,61,0,dev_52226e1ecb,IN,,
txn_00667_108d692f,ACC3807,CUST12898,RUPAY,DEBIT,Branded Cards,2025-08-14T22:12:10.438179+05:30,75.00,INR,FuelPoint,Fuel,Pune,IN,ECOM,online,APPROVED,,0,,75.00,44,0,dev_977f441add,IN,,
txn_00668_a96bc761,ACC8407,CUST50609,VISA,DEBIT,Branded Cards,2025-08-21T03:26:19.438179+05:30,113.50,INR,PlayArena,Entertainment,Delhi,IN,POS,contactless,DECLINED,INVALID_PIN,0,,113.50,50,0,,IN,28.667436,77.092125
txn_00669_2944e059,ACC4188,CUST42610,AMEX,CREDIT,Branded Cards,2025-08-05T08:00:05.438179+05:30,109.88,INR,LocalStore,Other,Delhi,IN,ECOM,online,APPROVED,,0,,109.88,95,1,dev_69879f22eb,US,,
txn_00670_2ed86804,ACC2570,CUST50789,MASTERCARD,CREDIT,Branded Cards,2025-10-07T08:04:18.438179+05:30,156.73,INR,PlayArena,Entertainment,Mumbai,IN,POS,chip_pin,APPROVED,,0,,156.73,31,0,,IN,19.073441,72.912427
txn_00671_0f973342,ACC1969,CUST99484,RUPAY,DEBIT,Branded Cards,2025-10-02T11:03:15.438179+05:30,90.68,INR,StarCinemas,Entertainment,Delhi,IN,POS,chip_pin,APPROVED,,0,,90.68,53,0,,IN,28.679877,77.140430
txn_00672_aee4f488,ACC3534,CUST88606,MASTERCARD,CREDIT,Branded Cards,2025-10-01T17:37:58.438179+05:30,75.00,INR,QuickServices,Other,Bangalore,IN,POS,contactless,DECLINED,LIMIT_EXCEEDED,0,,75.00,16,0,,IN,13.019177,77.554297
txn_00673_2e2fcae7,ACC9494,CUST31939,MASTERCARD,DEBIT,Branded Cards,2025-12-10T20:24:43.438179+05:30,450.54,INR,RailEase,Travel,Delhi,IN,ECOM,online,APPROVED,,0,,450.54,60,0,dev_591b972332,IN,,
txn_00674_677f33b8,ACC1681,CUST56965,MASTERCARD,CREDIT,Branded Cards,2025-12-20T21:02:21.438179+05:30,75.00,INR,AquaFlow,Utilities,Kolkata,IN,ECOM,online,APPROVED,,0,,75.00,67,0,dev_307da2fb48,IN,,
txn_00675_1ab49e05,ACC6267,CUST83564,VISA,CREDIT,Branded Cards,2025-09-03T16:20:02.438179+05:30,75.00,INR,NetConnect,Utilities,Kolkata,IN,ECOM,online,APPROVED,,0,,75.00,48,0,dev_067d8f2305,IN,,
txn_00676_4d8ddd2d,ACC7306,CUST34672,RUPAY,DEBIT,Branded Cards,2025-10-06T18:57:06.438179+05:30,80.54,INR,FunZone,Entertainment,Bangalore,IN,POS,chip_pin,APPROVED,,0,,80.54,25,0,,IN,12.975029,77.549321
txn_00677_0b94729c,ACC7250,CUST37004,VISA,DEBIT,Branded Cards,2025-07-13T10:17:44.438179+05:30,93.30,INR,CityServices,Other,Delhi,IN,POS,chip_pin,APPROVED,,0,,93.30,18,0,,IN,28.711215,77.113802
txn_00678_ec13d7c3,ACC7927,CUST99180,AMEX,CREDIT,Branded Cards,2025-08-11T15:43:55.438179+05:30,75.00,INR,ClickBazaar,Ecomm,Chennai,IN,ATM,atm_pin,APPROVED,,0,,75.00,14,0,,IN,13.094876,80.246519
txn_00679_b22d2bfe,ACC8358,CUST26893,AMEX,CREDIT,Branded Cards,2025-07-20T06:24:46.438179+05:30,75.00,INR,Cafe Mosaic,Dining,Bangalore,IN,POS,contactless,APPROVED,,0,,75.00,21,0,,IN,12.984254,77.584147
txn_00680_e2b6a842,ACC4311,CUST21338,VISA,CREDIT,Branded Cards,2025-08-15T20:24:02.438179+05:30,97.63,INR,SpeedFuel,Fuel,Ahmedabad,IN,POS,contactless,APPROVED,,0,,97.63,41,0,,IN,23.048599,72.560891
txn_00681_248bd5aa,ACC8242,CUST88250,MASTERCARD,CREDIT,Branded Cards,2025-12-25T20:11:41.438179+05:30,75.00,INR,QuickServices,Other,Ahmedabad,IN,POS,chip_pin,APPROVED,,0,,75.00,9,0,,IN,23.034032,72.565211
txn_00682_816ea5c2,ACC2042,CUST39522,MASTERCARD,CREDIT,Branded Cards,2025-11-18T15:41:41.438179+05:30,172.60,INR,PowerGrid,Utilities,Bangalore,IN,ATM,atm_pin,APPROVED,,0,,172.60,46,0,,IN,12.959603,77.639282
txn_00683_88c62a79,ACC1286,CUST91079,MASTERCARD,DEBIT,Branded Cards,2025-11-23T02:49:11.438179+05:30,75.00,INR,StarCinemas,Entertainment,Ahmedabad,IN,POS,chip_pin,APPROVED,,0,,75.00,25,0,,IN,23.040976,72.562392
txn_00684_d2f18f28,ACC8805,CUST84906,AMEX,CREDIT,Branded Cards,2025-07-24T00:28:31.438179+05:30,258.44,INR,SkyRoute,Travel,Pune,IN,POS,chip_pin,APPROVED,,0,,258.44,45,0,,IN,18.524958,73.808679
txn_00685_e123433f,ACC6900,CUST39339,AMEX,DEBIT,Branded Cards,2025-11-30T04:05:12.438179+05:30,185.23,INR,PlayArena,Entertainment,Pune,IN,ECOM,online,APPROVED,,0,,185.23,51,0,dev_7427340be8,IN,,
txn_00686_2001965b,ACC6782,CUST37276,MASTERCARD,DEBIT,Branded Cards,2025-09-23T23:11:52.438179+05:30,75.00,INR,SpiceTrail,Dining,Chennai,IN,ECOM,online,APPROVED,,0,,75.00,42,0,dev_3ada07f08e,IN,,
txn_00687_bab3d9a3,ACC6954,CUST70735,RUPAY,DEBIT,Branded Cards,2025-08-17T23:40:07.438179+05:30,98.44,INR,FunZone,Entertainment,Kolkata,IN,POS,contactless,APPROVED,,0,,98.44,18,0,,IN,22.579439,88.408701
txn_00688_efe739dd,ACC9478,CUST66594,AMEX,DEBIT,Branded Cards,2025-11-19T22:24:09.438179+05:30,332.18,INR,UrbanCart,Ecomm,Delhi,IN,POS,contactless,APPROVED,,0,,332.18,18,0,,IN,28.743092,77.118465
txn_00689_ee668fd2,ACC8973,CUST51446,VISA,CREDIT,Branded Cards,2025-08-01T16:14:13.438179+05:30,106.12,INR,WellnessRx,Pharmacy,Delhi,IN,POS,chip_pin,APPROVED,,0,,106.12,25,0,,IN,28.740903,77.065556
txn_00690_50c49c2b,ACC8317,CUST72270,VISA,CREDIT,Branded Cards,2025-10-11T08:09:05.438179+05:30,194.13,INR,SpeedFuel,Fuel,Bangalore,IN,POS,chip_pin,APPROVED,,0,,194.13,18,0,,IN,12.928202,77.606923
txn_00691_b0a17621,ACC5086,CUST24858,AMEX,DEBIT,Branded Cards,2025-07-20T09:11:30.438179+05:30,75.00,INR,FuelPoint,Fuel,Delhi,IN,ECOM,online,APPROVED,,0,,75.00,34,0,dev_b378359656,IN,,
txn_00692_f254a50e,ACC6633,CUST54535,RUPAY,CREDIT,Branded Cards,2025-12-15T01:03:39.438179+05:30,82.01,AED,FreshBasket,Grocery,Kolkata,AE,POS,contactless,APPROVED,,1,25.59,2098.28,24,0,,IN,,
txn_00693_9a51ec62,ACC9105,CUST12091,VISA,CREDIT,Branded Cards,2025-07-29T17:02:17.438179+05:30,85.83,INR,RailEase,Travel,Hyderabad,IN,ECOM,online,APPROVED,,0,,85.83,39,0,dev_15c95d2093,IN,,
txn_00694_56679189,ACC1662,CUST45761,RUPAY,CREDIT,Branded Cards,2025-07-20T21:51:09.438179+05:30,75.00,INR,AquaFlow,Utilities,Pune,IN,POS,chip_pin,APPROVED,,0,,75.00,33,0,,IN,,
txn_00695_45314fd0,ACC7146,CUST53992,VISA,DEBIT,Branded Cards,2025-10-03T19:52:06.438179+05:30,75.00,EUR,QuickServices,Other,Delhi,DE,ECOM,online,APPROVED,,1,82.31,6173.05,95,1,dev_b10936312c,GB,,
txn_00696_1b679a64,ACC4980,CUST19753,RUPAY,DEBIT,Branded Cards,2025-11-21T00:56:11.438179+05:30,142.94,INR,PowerGrid,Utilities,Chennai,IN,ECOM,online,APPROVED,,0,,142.94,65,0,dev_20cf8da52b,IN,,
txn_00697_14c69d19,ACC4040,CUST22019,VISA,CREDIT,Branded Cards,2025-12-13T14:23:28.438179+05:30,154.81,INR,ShopSphere,Ecomm,Mumbai,IN,POS,chip_pin,APPROVED,,0,,154.81,8,0,,IN,19.045952,72.902306
txn_00698_f9648a0f,ACC4239,CUST44506,RUPAY,CREDIT,Branded Cards,2025-11-29T18:47:51.438179+05:30,172.75,INR,ShopSphere,Ecomm,Mumbai,IN,POS,chip_pin,APPROVED,,0,,172.75,8,0,,IN,19.076758,72.835656
txn_00699_6d30a1b9,ACC5111,CUST55188,MASTERCARD,CREDIT,Branded Cards,2025-11-04T19:12:51.438179+05:30,75.00,INR,SpeedFuel,Fuel,Delhi,IN,ECOM,online,APPROVED,,0,,75.00,30,0,dev_49a3fe085b,IN,,
txn_00700_fa27a8f8,ACC2445,CUST51733,VISA,DEBIT,Branded Cards,2025-08-08T01:22:12.438179+05:30,144.99,INR,SpiceTrail,Dining,Mumbai,IN,POS,contactless,APPROVED,,0,,144.99,10,0,,IN,19.115864,72.872293
txn_00701_b0dc80e8,ACC6781,CUST63704,VISA,DEBIT,Branded Cards,2025-09-07T21:43:23.438179+05:30,218.69,INR,AquaFlow,Utilities,Chennai,IN,ECOM,online,APPROVED,,0,,218.69,19,0,dev_2b9654a5e4,IN,,
txn_00702_a969e4fc,ACC3830,CUST29796,AMEX,DEBIT,Branded Cards,2025-08-07T07:50:06.438179+05:30,75.00,SGD,FunZone,Entertainment,Ahmedabad,SG,POS,contactless,APPROVED,,1,68.19,5114.16,32,0,,IN,22.973895,72.600538
txn_00703_f28446fa,ACC3618,CUST73876,MASTERCARD,CREDIT,Branded Cards,2025-07-19T12:21:19.438179+05:30,122.02,INR,DailyMart,Grocery,Ahmedabad,IN,POS,contactless,APPROVED,,0,,122.02,17,0,,IN,23.044873,72.564686
txn_00704_9e54b7bf,ACC8028,CUST90167,AMEX,CREDIT,Branded Cards,2025-12-04T16:43:04.438179+05:30,101.86,INR,MetroPetro,Fuel,Ahmedabad,IN,POS,chip_pin,APPROVED,,0,,101.86,24,0,,IN,23.006358,72.552461
txn_00705_a24565d4,ACC8801,CUST46769,MASTERCARD,DEBIT,Branded Cards,2025-08-16T02:07:28.438179+05:30,81.19,INR,NetConnect,Utilities,Chennai,IN,ECOM,online,APPROVED,,0,,81.19,37,0,dev_e83bc29d89,IN,,
txn_00706_c00c9ab9,ACC3430,CUST91737,AMEX,CREDIT,Branded Cards,2025-10-15T11:34:14.438179+05:30,172.43,INR,CityCab,Travel,Pune,IN,ECOM,online,APPROVED,,0,,172.43,41,0,dev_18e17766b1,IN,,
txn_00707_8fd73af9,ACC3394,CUST45750,RUPAY,DEBIT,Branded Cards,2025-10-15T20:53:01.438179+05:30,75.00,INR,SpiceTrail,Dining,Ahmedabad,IN,POS,chip_pin,APPROVED,,0,,75.00,45,0,,IN,23.008117,72.583465
txn_00708_34491318,ACC3360,CUST48810,AMEX,CREDIT,Branded Cards,2025-12-30T13:28:54.438179+05:30,449.96,INR,ClickBazaar,Ecomm,Mumbai,IN,POS,chip_pin,APPROVED,,0,,449.96,32,0,,IN,19.111270,72.857518
txn_00709_96239346,ACC3105,CUST52310,RUPAY,CREDIT,Branded Cards,2026-01-01T10:01:10.438179+05:30,126.47,INR,AquaFlow,Utilities,Delhi,IN,POS,contactless,APPROVED,,0,,126.47,22,0,,IN,28.714754,77.080976
txn_00710_52f2978f,ACC1645,CUST77070,VISA,DEBIT,Branded Cards,2025-12-22T09:43:47.438179+05:30,94.55,INR,LocalStore,Other,Chennai,IN,POS,contactless,APPROVED,,0,,94.55,25,0,,IN,13.108753,80.285062
txn_00711_ca2ba8f5,ACC7487,CUST30314,RUPAY,CREDIT,Branded Cards,2025-08-18T11:16:24.438179+05:30,75.00,INR,SpeedFuel,Fuel,Delhi,IN,POS,chip_pin,APPROVED,,0,,75.00,36,0,,IN,28.660315,77.094135
txn_00712_ab965b35,ACC7484,CUST12523,MASTERCARD,DEBIT,Branded Cards,2025-08-28T03:59:08.438179+05:30,120.40,INR,SkyRoute,Travel,Hyderabad,IN,POS,chip_pin,APPROVED,,0,,120.40,13,0,,IN,17.367295,78.512296
txn_00713_a0af9f67,ACC5610,CUST44818,RUPAY,CREDIT,Branded Cards,2025-08-16T00:54:11.438179+05:30,84.17,INR,WellnessRx,Pharmacy,Mumbai,IN,POS,chip_pin,APPROVED,,0,,84.17,15,0,,IN,19.041226,72.828435
txn_00714_1cd97b17,ACC1682,CUST60784,RUPAY,CREDIT,Branded Cards,2025-12-09T07:02:45.438179+05:30,304.39,INR,ClickBazaar,Ecomm,Hyderabad,IN,POS,contactless,APPROVED,,0,,304.39,46,0,,IN,17.412002,78.457159
txn_00715_c0fce144,ACC3707,CUST74445,MASTERCARD,DEBIT,Branded Cards,2025-09-04T18:06:42.438179+05:30,513.60,INR,ClickBazaar,Ecomm,Hyderabad,IN,POS,chip_pin,APPROVED,,0,,513.60,29,0,,IN,17.380788,78.475775
txn_00716_5e388274,ACC4527,CUST94642,AMEX,CREDIT,Branded Cards,2025-11-17T23:07:26.438179+05:30,148.49,INR,FuelPoint,Fuel,Mumbai,IN,ECOM,online,APPROVED,,0,,148.49,20,0,dev_1828d42725,IN,,
txn_00717_ee9a61b5,ACC8807,CUST32882,AMEX,CREDIT,Branded Cards,2026-01-02T10:25:55.438179+05:30,162.42,INR,Cafe Mosaic,Dining,Bangalore,IN,POS,chip_pin,APPROVED,,0,,162.42,6,0,,IN,,
txn_00718_f91070e0,ACC1217,CUST85597,VISA,CREDIT,Branded Cards,2025-12-24T14:37:28.438179+05:30,75.00,INR,PlayArena,Entertainment,Hyderabad,IN,POS,contactless,DECLINED,SUSPECTED_FRAUD,0,,75.00,7,0,,IN,17.418045,78.477942
txn_00719_0b4ba6c4,ACC8132,CUST83261,VISA,DEBIT,Branded Cards,2025-07-09T20:44:39.438179+05:30,75.00,INR,TasteHub,Dining,Ahmedabad,IN,POS,contactless,DECLINED,INVALID_PIN,0,,75.00,5,0,,IN,,
txn_00720_58c714f2,ACC7668,CUST32801,MASTERCARD,CREDIT,Branded Cards,2025-08-09T23:54:09.438179+05:30,75.00,INR,Cafe Mosaic,Dining,Mumbai,IN,POS,contactless,APPROVED,,0,,75.00,51,0,,IN,19.040570,72.901219
txn_00721_ecba63b3,ACC6876,CUST94602,AMEX,DEBIT,Branded Cards,2025-09-07T22:07:08.438179+05:30,112.94,INR,AquaFlow,Utilities,Delhi,IN,ECOM,online,APPROVED,,0,,112.94,38,0,dev_23e28070d1,IN,,
txn_00722_8b435eca,ACC1687,CUST78100,MASTERCARD,CREDIT,Branded Cards,2025-12-09T17:34:44.438179+05:30,233.78,INR,NetConnect,Utilities,Delhi,IN,POS,chip_pin,APPROVED,,0,,233.78,12,0,,IN,,
txn_00723_85eb4279,ACC7435,CUST38714,VISA,DEBIT,Branded Cards,2025-08-11T01:44:48.438179+05:30,75.00,INR,CityServices,Other,Delhi,IN,ECOM,online,APPROVED,,0,,75.00,42,0,dev_8c5f9209ec,IN,,
txn_00724_8abe5779,ACC2582,CUST35035,RUPAY,CREDIT,Branded Cards,2025-12-30T13:56:26.438179+05:30,259.75,INR,ClickBazaar,Ecomm,Ahmedabad,IN,POS,chip_pin,APPROVED,,0,,259.75,24,0,,IN,23.013112,72.603923
txn_00725_4cdaebf4,ACC6622,CUST60822,VISA,DEBIT,Branded Cards,2025-10-02T06:56:30.438179+05:30,101.90,INR,SpeedFuel,Fuel,Delhi,IN,ECOM,online,APPROVED,,0,,101.90,55,0,dev_b202b49d26,IN,,
txn_00726_89fd09b5,ACC2605,CUST65404,AMEX,DEBIT,Branded Cards,2025-07-12T17:09:16.438179+05:30,75.00,INR,PlayArena,Entertainment,Bangalore,IN,ECOM,online,APPROVED,,0,,75.00,65,0,dev_62cc3eb36d,IN,,
txn_00727_7466509d,ACC7223,CUST54221,AMEX,DEBIT,Branded Cards,2025-11-04T16:33:15.438179+05:30,75.00,INR,DailyMart,Grocery,Bangalore,IN,ATM,atm_pin,APPROVED,,0,,75.00,20,0,,IN,12.993161,77.636831
txn_00728_b2772e31,ACC7359,CUST80210,RUPAY,CREDIT,Branded Cards,2025-07-22T12:45:26.438179+05:30,101.90,INR,AquaFlow,Utilities,Ahmedabad,IN,POS,contactless,APPROVED,,0,,101.90,37,0,,IN,23.022707,72.567718
txn_00729_32f9bae0,ACC8899,CUST73733,AMEX,CREDIT,Branded Cards,2025-11-03T14:19:25.438179+05:30,75.00,INR,LocalStore,Other,Delhi,IN,ECOM,online,APPROVED,,0,,75.00,21,0,dev_f727a0b911,IN,,
txn_00730_1db80b51,ACC2663,CUST31552,RUPAY,CREDIT,Branded Cards,2025-12-01T09:43:30.438179+05:30,75.00,INR,MediPlus,Pharmacy,Hyderabad,IN,POS,contactless,APPROVED,,0,,75.00,49,0,,IN,,
txn_00731_e0b641d0,ACC6859,CUST72210,VISA,DEBIT,Branded Cards,2025-09-24T20:04:03.438179+05:30,75.00,INR,FunZone,Entertainment,Kolkata,IN,POS,contactless,APPROVED,,0,,75.00,40,0,,IN,22.529294,88.322624
txn_00732_a800d519,ACC4039,CUST86299,MASTERCARD,CREDIT,Branded Cards,2025-09-22T10:18:47.438179+05:30,163.94,INR,SpeedFuel,Fuel,Delhi,IN,POS,chip_pin,APPROVED,,0,,163.94,9,0,,IN,,
txn_00733_36abeff0,ACC4091,CUST97036,VISA,CREDIT,Branded Cards,2025-09-05T21:07:03.438179+05:30,121.68,INR,ShopSphere,Ecomm,Hyderabad,IN,POS,contactless,DECLINED,INSUFFICIENT_FUNDS,0,,121.68,13,0,,IN,17.359368,78.484739
txn_00734_129543a4,ACC3698,CUST42383,RUPAY,CREDIT,Branded Cards,2025-07-28T23:28:32.438179+05:30,75.00,INR,SpeedFuel,Fuel,Kolkata,IN,POS,chip_pin,APPROVED,,0,,75.00,37,0,,IN,,
txn_00735_e8527018,ACC3086,CUST72831,AMEX,CREDIT,Branded Cards,2025-07-31T19:58:44.438179+05:30,152.60,INR,Cafe Mosaic,Dining,Bangalore,IN,ECOM,online,DECLINED,INVALID_PIN,0,,152.60,64,0,dev_39ddef7af4,IN,,
txn_00736_ce8b30ce,ACC6594,CUST49779,RUPAY,CREDIT,Branded Cards,2025-08-20T16:29:34.438179+05:30,744.89,USD,ClickBazaar,Ecomm,Hyderabad,US,POS,chip_pin,APPROVED,,1,84.11,62652.97,45,0,,IN,17.374327,78.483151
txn_00737_ef252aa8,ACC5444,CUST47872,AMEX,DEBIT,Branded Cards,2025-08-05T19:50:04.438179+05:30,75.00,INR,PlayArena,Entertainment,Ahmedabad,IN,POS,chip_pin,APPROVED,,0,,75.00,38,0,,IN,22.978793,72.584312
txn_00738_23a7b39d,ACC5833,CUST34899,MASTERCARD,DEBIT,Branded Cards,2025-07-14T01:22:11.438179+05:30,151.39,INR,PowerGrid,Utilities,Pune,IN,POS,contactless,APPROVED,,0,,151.39,47,0,,IN,18.547231,73.895755
txn_00739_eeb74413,ACC8521,CUST80439,AMEX,CREDIT,Branded Cards,2025-10-10T09:12:10.438179+05:30,75.00,INR,PlayArena,Entertainment,Delhi,IN,POS,contactless,APPROVED,,0,,75.00,36,0,,IN,28.693263,77.124204
txn_00740_82d8a7f5,ACC7889,CUST36108,AMEX,CREDIT,Branded Cards,2025-10-29T12:40:28.438179+05:30,75.00,SGD,SpiceTrail,Dining,Kolkata,SG,ECOM,online,APPROVED,,1,68.62,5146.19,52,0,dev_958cf70470,IN,,
txn_00741_afcd2960,ACC7934,CUST36855,RUPAY,DEBIT,Branded Cards,2025-12-25T17:54:10.438179+05:30,75.00,INR,MetroPetro,Fuel,Kolkata,IN,POS,chip_pin,APPROVED,,0,,75.00,11,0,,IN,,
txn_00742_38498d35,ACC3815,CUST60236,VISA,CREDIT,Branded Cards,2025-11-13T18:48:28.438179+05:30,96.58,INR,MetroPetro,Fuel,Hyderabad,IN,POS,chip_pin,APPROVED,,0,,96.58,20,0,,IN,17.390371,78.468372
txn_00743_1b7db566,ACC1051,CUST41296,VISA,CREDIT,Branded Cards,2025-07-18T03:17:57.438179+05:30,79.62,INR,FuelPoint,Fuel,Hyderabad,IN,ECOM,online,APPROVED,,0,,79.62,34,0,dev_38eae981cb,IN,,
txn_00744_7fc0922e,ACC9315,CUST90692,RUPAY,DEBIT,Branded Cards,2025-09-27T22:25:53.438179+05:30,75.00,INR,StarCinemas,Entertainment,Pune,IN,POS,chip_pin,APPROVED,,0,,75.00,32,0,,IN,18.522794,73.838908
txn_00745_783f1cd0,ACC1397,CUST99979,MASTERCARD,DEBIT,Branded Cards,2025-08-14T05:38:40.438179+05:30,126.33,INR,RailEase,Travel,Mumbai,IN,POS,contactless,APPROVED,,0,,126.33,50,0,,IN,19.049090,72.887744
txn_00746_42862014,ACC8840,CUST30722,VISA,DEBIT,Branded Cards,2025-11-23T06:33:09.438179+05:30,75.00,INR,DailyMart,Grocery,Chennai,IN,POS,chip_pin,APPROVED,,0,,75.00,28,0,,IN,,
txn_00747_defa6d4a,ACC4047,CUST40027,MASTERCARD,CREDIT,Branded Cards,2025-09-23T03:11:10.438179+05:30,166.18,INR,HealthFirst,Pharmacy,Bangalore,IN,ECOM,online,APPROVED,,0,,166.18,34,0,dev_6fdbc6ac37,IN,,
txn_00748_44e01371,ACC3928,CUST79986,MASTERCARD,CREDIT,Branded Cards,2025-12-04T21:41:26.438179+05:30,136.93,INR,ShopSphere,Ecomm,Bangalore,IN,POS,chip_pin,APPROVED,,0,,136.93,17,0,,IN,12.929305,77.621884
txn_00749_d8b6a802,ACC3167,CUST41709,AMEX,CREDIT,Branded Cards,2025-08-03T01:09:43.438179+05:30,75.00,INR,RailEase,Travel,Delhi,IN,POS,chip_pin,APPROVED,,0,,75.00,8,0,,IN,28.670800,77.099407
txn_00750_cc80a698,ACC9027,CUST98804,AMEX,DEBIT,Branded Cards,2025-09-25T18:29:41.438179+05:30,368.13,INR,UrbanCart,Ecomm,Delhi,IN,ECOM,online,APPROVED,,0,,368.13,50,0,dev_7549861a4a,IN,,
txn_00751_fea59d94,ACC7021,CUST49117,RUPAY,DEBIT,Branded Cards,2025-12-06T16:31:32.438179+05:30,75.00,INR,LocalStore,Other,Kolkata,IN,ECOM,online,APPROVED,,0,,75.00,55,0,dev_1234f6f0dd,IN,,
txn_00752_4d4e0bd1,ACC7493,CUST42046,RUPAY,DEBIT,Branded Cards,2025-11-30T13:56:05.438179+05:30,117.74,GBP,HealthFirst,Pharmacy,Chennai,GB,POS,contactless,APPROVED,,1,108.18,12736.67,60,0,,IN,13.107623,80.285607
txn_00753_4ba08508,ACC7128,CUST16962,MASTERCARD,DEBIT,Branded Cards,2025-10-07T21:35:51.438179+05:30,75.00,INR,Cafe Mosaic,Dining,Kolkata,IN,POS,contactless,APPROVED,,0,,75.00,45,0,,IN,,
txn_00754_255c4297,ACC5417,CUST17849,RUPAY,DEBIT,Branded Cards,2025-12-29T19:58:49.438179+05:30,75.00,INR,FuelPoint,Fuel,Hyderabad,IN,POS,contactless,DECLINED,NETWORK_ERROR,0,,75.00,5,0,,IN,,
txn_00755_c37de35e,ACC9420,CUST14739,MASTERCARD,DEBIT,Branded Cards,2025-07-18T18:34:45.438179+05:30,75.00,INR,DailyMart,Grocery,Kolkata,IN,POS,contactless,APPROVED,,0,,75.00,42,0,,IN,22.566440,88.362652
txn_00756_0ab9694f,ACC1721,CUST49703,VISA,CREDIT,Branded Cards,2026-01-02T09:41:27.438179+05:30,103.10,INR,HealthFirst,Pharmacy,Ahmedabad,IN,ECOM,online,APPROVED,,0,,103.10,31,0,dev_6446983234,IN,,
txn_00757_7e54da1e,ACC2871,CUST20481,MASTERCARD,DEBIT,Branded Cards,2025-07-17T21:47:50.438179+05:30,461.32,INR,UrbanCart,Ecomm,Delhi,IN,POS,contactless,APPROVED,,0,,461.32,15,0,,IN,,
txn_00758_c73e69e9,ACC5018,CUST39648,AMEX,DEBIT,Branded Cards,2025-12-30T22:44:03.438179+05:30,142.71,INR,FunZone,Entertainment,Chennai,IN,ECOM,online,APPROVED,,0,,142.71,55,0,dev_ce476a3991,IN,,
txn_00759_8ace3a10,ACC9287,CUST57578,RUPAY,DEBIT,Branded Cards,2025-09-21T23:58:22.438179+05:30,82.42,INR,NetConnect,Utilities,Hyderabad,IN,POS,contactless,DECLINED,LIMIT_EXCEEDED,0,,82.42,20,0,,IN,17.350326,78.446560
txn_00760_f006296b,ACC7068,CUST25496,RUPAY,DEBIT,Branded Cards,2025-10-19T05:57:00.438179+05:30,75.00,INR,SpiceTrail,Dining,Pune,IN,POS,contactless,APPROVED,,0,,75.00,32,0,,IN,18.517717,73.809760
txn_00761_151248e1,ACC1139,CUST29666,RUPAY,DEBIT,Branded Cards,2025-08-19T22:55:42.438179+05:30,75.00,INR,WellnessRx,Pharmacy,Pune,IN,POS,chip_pin,APPROVED,,0,,75.00,25,0,,IN,18.555720,73.816766
txn_00762_4f4cea72,ACC6409,CUST23103,RUPAY,CREDIT,Branded Cards,2025-12-26T17:18:34.438179+05:30,193.76,INR,SkyRoute,Travel,Bangalore,IN,POS,chip_pin,APPROVED,,0,,193.76,27,0,,IN,12.930352,77.561122
txn_00763_48d160c6,ACC3271,CUST18512,VISA,CREDIT,Branded Cards,2025-09-08T16:27:40.438179+05:30,75.00,INR,FreshBasket,Grocery,Delhi,IN,ECOM,online,APPROVED,,0,,75.00,56,0,dev_d41259d654,IN,,
txn_00764_4e70263a,ACC5811,CUST95654,AMEX,CREDIT,Branded Cards,2025-09-24T23:18:47.438179+05:30,212.18,INR,QuickServices,Other,Ahmedabad,IN,POS,contactless,DECLINED,INVALID_PIN,0,,212.18,27,0,,IN,,
txn_00765_7b49ecf3,ACC8132,CUST63723,MASTERCARD,DEBIT,Branded Cards,2025-12-04T15:04:20.438179+05:30,75.00,INR,PowerGrid,Utilities,Pune,IN,POS,chip_pin,DECLINED,INSUFFICIENT_FUNDS,0,,75.00,54,0,,IN,18.502395,73.830625
txn_00766_dcd1ad00,ACC6301,CUST68931,AMEX,CREDIT,Branded Cards,2025-12-02T02:37:43.438179+05:30,75.00,INR,PlayArena,Entertainment,Bangalore,IN,POS,contactless,APPROVED,,0,,75.00,36,0,,IN,13.018255,77.622972
txn_00767_b8855367,ACC3957,CUST64771,RUPAY,DEBIT,Branded Cards,2025-12-27T14:11:42.438179+05:30,435.26,INR,SkyRoute,Travel,Delhi,IN,ATM,atm_pin,APPROVED,,0,,435.26,22,0,,IN,,
txn_00768_ed343b0f,ACC4222,CUST67008,AMEX,DEBIT,Branded Cards,2025-12-25T21:58:00.438179+05:30,206.17,INR,AquaFlow,Utilities,Bangalore,IN,POS,chip_pin,APPROVED,,0,,206.17,38,0,,IN,12.974474,77.603649
txn_00769_e43a3562,ACC1634,CUST40077,AMEX,DEBIT,Branded Cards,2025-07-17T17:25:47.438179+05:30,85.25,INR,DailyMart,Grocery,Chennai,IN,POS,chip_pin,APPROVED,,0,,85.25,25,0,,IN,13.054990,80.247170
txn_00770_042f14df,ACC9220,CUST93888,AMEX,DEBIT,Branded Cards,2025-10-18T16:40:36.438179+05:30,113.13,USD,SpiceTrail,Dining,Pune,US,POS,contactless,APPROVED,,1,91.26,10323.73,57,0,,IN,,
txn_00771_1465b466,ACC6386,CUST94783,VISA,DEBIT,Branded Cards,2025-11-03T21:03:35.438179+05:30,118.72,INR,ClickBazaar,Ecomm,Hyderabad,IN,ECOM,online,APPROVED,,0,,118.72,44,0,dev_af03a35aed,IN,,
txn_00772_b109e971,ACC9989,CUST93757,VISA,CREDIT,Branded Cards,2025-12-19T11:45:20.438179+05:30,300.23,INR,RailEase,Travel,Hyderabad,IN,POS,contactless,APPROVED,,0,,300.23,11,0,,IN,17.363878,78.536489
txn_00773_82c273a9,ACC3000,CUST73077,MASTERCARD,CREDIT,Branded Cards,2025-07-17T16:09:45.438179+05:30,75.00,INR,FreshBasket,Grocery,Mumbai,IN,ECOM,online,APPROVED,,0,,75.00,46,0,dev_88c78fc57d,IN,,
txn_00774_59f43595,ACC1488,CUST54588,AMEX,CREDIT,Branded Cards,2025-09-27T22:47:16.438179+05:30,86.66,INR,PowerGrid,Utilities,Chennai,IN,POS,chip_pin,APPROVED,,0,,86.66,39,0,,IN,13.131811,80.296431
txn_00775_63247e63,ACC6279,CUST94217,VISA,DEBIT,Branded Cards,2025-10-03T07:16:53.438179+05:30,1463.08,INR,ShopSphere,Ecomm,Pune,IN,ECOM,online,APPROVED,,0,,1463.08,46,0,dev_c58eb58d5c,IN,,
txn_00776_dcac7b04,ACC8593,CUST21170,VISA,CREDIT,Branded Cards,2025-12-02T11:02:12.438179+05:30,95.77,INR,StarCinemas,Entertainment,Bangalore,IN,POS,chip_pin,APPROVED,,0,,95.77,5,0,,IN,,
txn_00777_4cda3e1c,ACC3243,CUST43853,VISA,CREDIT,Branded Cards,2025-09-30T08:57:33.438179+05:30,75.00,INR,FunZone,Entertainment,Chennai,IN,POS,chip_pin,APPROVED,,0,,75.00,32,0,,IN,13.118566,80.226191
txn_00778_9a58131a,ACC2640,CUST57517,AMEX,DEBIT,Branded Cards,2025-12-07T11:03:59.438179+05:30,75.00,INR,MediPlus,Pharmacy,Chennai,IN,POS,contactless,APPROVED,,0,,75.00,16,0,,IN,13.119650,80.313841
txn_00779_b0c37157,ACC9946,CUST48955,AMEX,DEBIT,Branded Cards,2025-08-16T14:34:39.438179+05:30,248.16,INR,PowerGrid,Utilities,Delhi,IN,POS,chip_pin,APPROVED,,0,,248.16,10,0,,IN,28.708994,77.110236
txn_00780_0ae2e88e,ACC8687,CUST57333,AMEX,CREDIT,Branded Cards,2025-09-23T18:47:55.438179+05:30,75.00,INR,MediPlus,Pharmacy,Hyderabad,IN,ECOM,online,APPROVED,,0,,75.00,85,1,dev_1b0106c378,DE,,
txn_00781_f5110f36,ACC9350,CUST41272,VISA,DEBIT,Branded Cards,2025-09-23T14:20:19.438179+05:30,374.07,INR,RailEase,Travel,Pune,IN,POS,chip_pin,APPROVED,,0,,374.07,35,0,,IN,18.541216,73.823637
txn_00782_49a4443e,ACC5413,CUST42640,AMEX,CREDIT,Branded Cards,2025-08-01T09:59:34.438179+05:30,118.27,INR,PlayArena,Entertainment,Pune,IN,POS,chip_pin,APPROVED,,0,,118.27,13,0,,IN,18.529477,73.897775
txn_00783_0a4af40d,ACC4782,CUST42767,RUPAY,DEBIT,Branded Cards,2025-12-25T11:54:08.438179+05:30,112.73,INR,StarCinemas,Entertainment,Mumbai,IN,POS,chip_pin,APPROVED,,0,,112.73,42,0,,IN,19.093102,72.840945
txn_00784_60f41905,ACC9501,CUST99170,RUPAY,CREDIT,Branded Cards,2025-10-26T22:23:13.438179+05:30,197.27,INR,UrbanCart,Ecomm,Mumbai,IN,POS,chip_pin,APPROVED,,0,,197.27,55,0,,IN,19.062876,72.925425
txn_00785_75707bd6,ACC9589,CUST47889,MASTERCARD,CREDIT,Branded Cards,2025-11-13T23:28:46.438179+05:30,208.49,INR,UrbanCart,Ecomm,Chennai,IN,POS,chip_pin,APPROVED,,0,,208.49,15,0,,IN,13.121594,80.226659
txn_00786_7a11df76,ACC7399,CUST45342,VISA,DEBIT,Branded Cards,2025-11-24T21:02:31.438179+05:30,89.51,INR,CityCab,Travel,Hyderabad,IN,POS,chip_pin,APPROVED,,0,,89.51,19,0,,IN,17.403843,78.464262
txn_00787_b09dcd19,ACC2619,CUST45626,MASTERCARD,DEBIT,Branded Cards,2025-07-20T19:43:35.438179+05:30,201.97,INR,SkyRoute,Travel,Pune,IN,ECOM,online,APPROVED,,0,,201.97,33,0,dev_855eeefb7f,IN,,
txn_00788_a0a51b74,ACC9143,CUST79248,AMEX,DEBIT,Branded Cards,2026-01-05T09:06:09.438179+05:30,174.28,INR,FreshBasket,Grocery,Mumbai,IN,POS,contactless,APPROVED,,0,,174.28,38,0,,IN,,
txn_00789_ab7a63e3,ACC6847,CUST22594,VISA,DEBIT,Branded Cards,2025-09-29T21:21:05.438179+05:30,109.43,INR,LocalStore,Other,Chennai,IN,POS,chip_pin,APPROVED,,0,,109.43,49,0,,IN,13.091319,80.283585
txn_00790_0b3b81a9,ACC4358,CUST71221,MASTERCARD,CREDIT,Branded Cards,2025-09-21T19:03:11.438179+05:30,105.83,INR,PowerGrid,Utilities,Chennai,IN,POS,chip_pin,APPROVED,,0,,105.83,11,0,,IN,13.046400,80.261774
txn_00791_17f04802,ACC5101,CUST88423,VISA,CREDIT,Branded Cards,2025-08-20T15:37:33.438179+05:30,280.31,INR,LocalStore,Other,Delhi,IN,POS,chip_pin,APPROVED,,0,,280.31,18,0,,IN,28.746457,77.113677
txn_00792_5b5dc6ed,ACC8411,CUST82913,MASTERCARD,CREDIT,Branded Cards,2025-07-11T08:32:57.438179+05:30,75.00,INR,PlayArena,Entertainment,Hyderabad,IN,POS,chip_pin,APPROVED,,0,,75.00,41,0,,IN,17.377711,78.471596
txn_00793_080fc9b3,ACC2931,CUST36760,VISA,CREDIT,Branded Cards,2025-10-03T15:41:52.438179+05:30,75.00,SGD,GreenLeaf Grocers,Grocery,Hyderabad,SG,POS,chip_pin,APPROVED,,1,57.53,4314.41,52,0,,IN,17.379947,78.498565
txn_00794_b31eb8f5,ACC3722,CUST44883,AMEX,DEBIT,Branded Cards,2025-08-24T18:19:27.438179+05:30,161.31,INR,RailEase,Travel,Mumbai,IN,ECOM,online,APPROVED,,0,,161.31,51,0,dev_6f1bc2b4b4,GB,,
txn_00795_cc5d86e4,ACC1328,CUST35725,AMEX,DEBIT,Branded Cards,2025-09-24T03:46:15.438179+05:30,297.56,INR,RailEase,Travel,Pune,IN,ATM,atm_pin,APPROVED,,0,,297.56,18,0,,IN,,
txn_00796_0d8660ca,ACC9486,CUST33565,RUPAY,DEBIT,Branded Cards,2025-08-21T06:05:29.438179+05:30,75.00,EUR,FuelPoint,Fuel,Mumbai,DE,ECOM,online,APPROVED,,1,97.19,7289.48,43,0,dev_d1bcd42854,IN,,
txn_00797_d680b541,ACC4363,CUST28312,MASTERCARD,CREDIT,Branded Cards,2025-11-09T15:21:57.438179+05:30,75.00,INR,GreenLeaf Grocers,Grocery,Mumbai,IN,POS,chip_pin,APPROVED,,0,,75.00,13,0,,IN,19.030402,72.876751
txn_00798_0879a480,ACC1188,CUST13581,VISA,CREDIT,Branded Cards,2025-07-19T13:38:59.438179+05:30,75.00,INR,StarCinemas,Entertainment,Kolkata,IN,ECOM,online,APPROVED,,0,,75.00,18,0,dev_56d8e3cb62,IN,,
txn_00799_b81f2807,ACC3453,CUST56312,VISA,CREDIT,Branded Cards,2025-10-17T00:43:49.438179+05:30,75.00,INR,PowerGrid,Utilities,Mumbai,IN,POS,chip_pin,APPROVED,,0,,75.00,8,0,,IN,19.100847,72.888187
txn_00800_805cc2d7,ACC1695,CUST51171,VISA,DEBIT,Branded Cards,2025-09-29T21:27:35.438179+05:30,75.00,INR,Cafe Mosaic,Dining,Delhi,IN,POS,chip_pin,APPROVED,,0,,75.00,54,0,,IN,28.671672,77.128823
txn_00801_67ba189d,ACC7188,CUST83793,VISA,DEBIT,Branded Cards,2025-12-05T05:56:44.438179+05:30,75.00,INR,StarCinemas,Entertainment,Bangalore,IN,POS,chip_pin,APPROVED,,0,,75.00,10,0,,IN,12.973189,77.597604
txn_00802_681f9515,ACC4406,CUST41508,RUPAY,CREDIT,Branded Cards,2025-09-21T16:36:33.438179+05:30,117.90,AED,TasteHub,Dining,Pune,AE,ATM,atm_pin,APPROVED,,1,24.93,2939.18,25,0,,IN,18.474338,73.853677
txn_00803_bd0ebe4e,ACC1081,CUST44289,RUPAY,DEBIT,Branded Cards,2025-07-29T05:06:48.438179+05:30,75.00,USD,GreenLeaf Grocers,Grocery,Delhi,US,POS,chip_pin,APPROVED,,1,89.57,6718.09,58,0,,IN,,
txn_00804_b9da7480,ACC3799,CUST78383,MASTERCARD,DEBIT,Branded Cards,2025-08-11T15:02:26.438179+05:30,75.00,INR,StarCinemas,Entertainment,Pune,IN,POS,chip_pin,APPROVED,,0,,75.00,9,0,,IN,18.510408,73.874490
txn_00805_1508faec,ACC8568,CUST15344,AMEX,DEBIT,Branded Cards,2025-09-28T03:54:48.438179+05:30,322.56,INR,SpiceTrail,Dining,Bangalore,IN,POS,contactless,APPROVED,,0,,322.56,32,0,,IN,12.952559,77.622429
txn_00806_05f4a2d0,ACC2386,CUST71581,RUPAY,CREDIT,Branded Cards,2025-10-01T03:19:37.438179+05:30,163.17,INR,AquaFlow,Utilities,Hyderabad,IN,ECOM,online,DECLINED,NETWORK_ERROR,0,,163.17,63,0,dev_f531116b6a,IN,,
txn_00807_b9ba04a8,ACC3199,CUST71037,RUPAY,DEBIT,Branded Cards,2025-08-02T12:17:27.438179+05:30,82.74,INR,TasteHub,Dining,Bangalore,IN,ECOM,online,APPROVED,,0,,82.74,38,0,dev_46fb780253,IN,,
txn_00808_650c5ea2,ACC4635,CUST28535,AMEX,CREDIT,Branded Cards,2025-12-10T11:15:07.438179+05:30,111.48,INR,TasteHub,Dining,Bangalore,IN,ATM,atm_pin,APPROVED,,0,,111.48,38,0,,IN,12.953107,77.615488
txn_00809_e1e3d66c,ACC7662,CUST14555,VISA,DEBIT,Branded Cards,2025-12-17T11:28:39.438179+05:30,105.92,INR,LocalStore,Other,Mumbai,IN,POS,chip_pin,APPROVED,,0,,105.92,13,0,,IN,19.058302,72.850272
txn_00810_ff4ca29e,ACC1481,CUST86820,RUPAY,DEBIT,Branded Cards,2025-12-09T02:20:56.438179+05:30,118.73,INR,MediPlus,Pharmacy,Ahmedabad,IN,ATM,atm_pin,APPROVED,,0,,118.73,5,0,,IN,22.990983,72.603435
txn_00811_00c976e5,ACC4501,CUST61348,RUPAY,CREDIT,Branded Cards,2025-10-02T16:19:51.438179+05:30,75.00,INR,QuickServices,Other,Bangalore,IN,POS,contactless,APPROVED,,0,,75.00,43,0,,IN,12.994078,77.586151
txn_00812_d68b717e,ACC1432,CUST86881,AMEX,CREDIT,Branded Cards,2025-11-30T23:42:09.438179+05:30,80.37,INR,FreshBasket,Grocery,Hyderabad,IN,POS,chip_pin,APPROVED,,0,,80.37,23,0,,IN,17.374700,78.484435
txn_00813_4b403399,ACC3130,CUST78115,MASTERCARD,CREDIT,Branded Cards,2025-08-20T23:42:13.438179+05:30,85.87,INR,SkyRoute,Travel,Delhi,IN,POS,contactless,APPROVED,,0,,85.87,52,0,,IN,,
txn_00814_04999aeb,ACC1690,CUST35288,VISA,DEBIT,Branded Cards,2025-12-21T19:35:20.438179+05:30,124.21,INR,DailyMart,Grocery,Pune,IN,POS,contactless,APPROVED,,0,,124.21,11,0,,IN,18.483279,73.884731
txn_00815_c4811514,ACC4581,CUST43295,MASTERCARD,DEBIT,Branded Cards,2025-10-10T01:34:37.438179+05:30,90.49,INR,HealthFirst,Pharmacy,Mumbai,IN,ECOM,online,APPROVED,,0,,90.49,28,0,dev_19367d9053,IN,,
txn_00816_4a57b541,ACC1660,CUST25181,VISA,DEBIT,Branded Cards,2025-11-05T03:27:45.438179+05:30,75.00,INR,CityServices,Other,Delhi,IN,POS,chip_pin,APPROVED,,0,,75.00,14,0,,IN,28.752492,77.135639
txn_00817_9b0dfaab,ACC1778,CUST76505,VISA,DEBIT,Branded Cards,2025-10-02T17:58:46.438179+05:30,250.87,INR,UrbanCart,Ecomm,Hyderabad,IN,POS,chip_pin,APPROVED,,0,,250.87,11,0,,IN,17.380153,78.506097
txn_00818_a03f137f,ACC7893,CUST91852,VISA,DEBIT,Branded Cards,2025-08-12T00:50:46.438179+05:30,75.00,INR,TasteHub,Dining,Delhi,IN,ATM,atm_pin,APPROVED,,0,,75.00,30,0,,IN,28.724716,77.114878
txn_00819_9e689a6c,ACC4185,CUST32953,AMEX,DEBIT,Branded Cards,2025-11-18T10:35:09.438179+05:30,95.75,INR,FuelPoint,Fuel,Hyderabad,IN,POS,contactless,APPROVED,,0,,95.75,23,0,,IN,17.385044,78.467659
txn_00820_e4406398,ACC1500,CUST94139,MASTERCARD,CREDIT,Branded Cards,2025-09-14T08:11:56.438179+05:30,191.92,INR,SpiceTrail,Dining,Kolkata,IN,POS,chip_pin,APPROVED,,0,,191.92,30,0,,IN,22.568318,88.355670
txn_00821_d6023639,ACC5664,CUST10402,MASTERCARD,DEBIT,Branded Cards,2025-10-08T23:41:43.438179+05:30,244.72,INR,CityServices,Other,Pune,IN,POS,chip_pin,APPROVED,,0,,244.72,38,0,,IN,18.560107,73.882401
txn_00822_60d8039e,ACC6647,CUST63336,VISA,CREDIT,Branded Cards,2025-07-28T11:52:49.438179+05:30,77.76,INR,HealthFirst,Pharmacy,Bangalore,IN,POS,chip_pin,APPROVED,,0,,77.76,47,0,,IN,12.999960,77.582843
txn_00823_660f44e6,ACC9871,CUST29523,MASTERCARD,CREDIT,Branded Cards,2025-11-04T17:08:12.438179+05:30,75.00,INR,LocalStore,Other,Kolkata,IN,POS,chip_pin,APPROVED,,0,,75.00,53,0,,IN,22.606931,88.391622
txn_00824_1de58d73,ACC7343,CUST76047,AMEX,DEBIT,Branded Cards,2025-11-15T11:47:54.438179+05:30,75.00,INR,FreshBasket,Grocery,Delhi,IN,POS,chip_pin,DECLINED,LIMIT_EXCEEDED,0,,75.00,9,0,,IN,,
txn_00825_859530c1,ACC4209,CUST86344,VISA,CREDIT,Branded Cards,2025-09-13T15:09:14.438179+05:30,147.94,AED,PowerGrid,Utilities,Bangalore,AE,ATM,atm_pin,APPROVED,,1,20.48,3029.90,26,0,,IN,12.998965,77.630890
txn_00826_23c560d2,ACC7606,CUST63955,RUPAY,CREDIT,Branded Cards,2025-07-18T09:47:48.438179+05:30,75.00,INR,GreenLeaf Grocers,Grocery,Chennai,IN,POS,contactless,APPROVED,,0,,75.00,30,0,,IN,13.104132,80.265603
txn_00827_11196b23,ACC5317,CUST12979,MASTERCARD,DEBIT,Branded Cards,2025-09-25T19:27:12.438179+05:30,75.00,INR,GreenLeaf Grocers,Grocery,Mumbai,IN,ECOM,online,APPROVED,,0,,75.00,85,1,dev_b390bf747e,SG,,
txn_00828_66bc6735,ACC2781,CUST71235,AMEX,CREDIT,Branded Cards,2025-08-19T11:38:57.438179+05:30,91.49,INR,ShopSphere,Ecomm,Pune,IN,POS,chip_pin,APPROVED,,0,,91.49,27,0,,IN,,
txn_00829_584fa41f,ACC7160,CUST25894,RUPAY,CREDIT,Branded Cards,2025-11-18T06:35:05.438179+05:30,207.02,INR,ShopSphere,Ecomm,Mumbai,IN,POS,chip_pin,DECLINED,INSUFFICIENT_FUNDS,0,,207.02,25,0,,IN,19.075575,72.885044
txn_00830_6e607c2f,ACC5512,CUST47324,RUPAY,CREDIT,Branded Cards,2025-12-23T05:55:12.438179+05:30,80.25,INR,LocalStore,Other,Hyderabad,IN,POS,chip_pin,APPROVED,,0,,80.25,30,0,,IN,17.339300,78.518446
txn_00831_29568d7d,ACC2511,CUST74431,RUPAY,CREDIT,Branded Cards,2025-08-07T19:00:25.438179+05:30,120.98,INR,SpiceTrail,Dining,Kolkata,IN,POS,chip_pin,APPROVED,,0,,120.98,37,0,,IN,22.541265,88.315301
txn_00832_3b4c0646,ACC9836,CUST41854,MASTERCARD,CREDIT,Branded Cards,2025-12-06T19:46:10.438179+05:30,348.78,INR,UrbanCart,Ecomm,Kolkata,IN,POS,contactless,APPROVED,,0,,348.78,32,0,,IN,,
txn_00833_f02d81dd,ACC9134,CUST40926,MASTERCARD,DEBIT,Branded Cards,2025-09-23T19:39:40.438179+05:30,93.27,EUR,MediPlus,Pharmacy,Chennai,DE,POS,contactless,APPROVED,,1,90.71,8460.86,30,0,,IN,13.102711,80.260966
txn_00834_adc25f16,ACC6997,CUST11944,MASTERCARD,CREDIT,Branded Cards,2025-10-11T18:54:14.438179+05:30,79.71,INR,PowerGrid,Utilities,Kolkata,IN,POS,chip_pin,APPROVED,,0,,79.71,10,0,,IN,,
txn_00835_8eba0d06,ACC9753,CUST99373,RUPAY,CREDIT,Branded Cards,2025-10-29T05:58:01.438179+05:30,75.00,INR,Cafe Mosaic,Dining,Delhi,IN,ECOM,online,APPROVED,,0,,75.00,19,0,dev_98c145419c,IN,,
txn_00836_2146e7b4,ACC5884,CUST89376,RUPAY,DEBIT,Branded Cards,2025-10-10T16:19:53.438179+05:30,75.00,INR,QuickServices,Other,Delhi,IN,POS,chip_pin,APPROVED,,0,,75.00,50,0,,IN,28.704836,77.081687
txn_00837_66d2c0a7,ACC8333,CUST61183,VISA,CREDIT,Branded Cards,2025-09-05T07:23:43.438179+05:30,87.83,INR,Cafe Mosaic,Dining,Ahmedabad,IN,ECOM,online,APPROVED,,0,,87.83,51,0,dev_e53c3b5ed7,IN,,
txn_00838_93188472,ACC8151,CUST76296,MASTERCARD,CREDIT,Branded Cards,2025-08-31T08:55:38.438179+05:30,75.00,INR,FunZone,Entertainment,Kolkata,IN,ECOM,online,APPROVED,,0,,75.00,56,0,dev_db2660f73f,IN,,
txn_00839_07a7611d,ACC6904,CUST61138,MASTERCARD,DEBIT,Branded Cards,2025-09-29T15:58:27.438179+05:30,117.35,INR,CityServices,Other,Pune,IN,POS,chip_pin,APPROVED,,0,,117.35,55,0,,IN,18.475587,73.833633
txn_00840_5a5f838f,ACC5819,CUST34338,AMEX,DEBIT,Branded Cards,2025-07-26T05:33:06.438179+05:30,75.00,INR,FreshBasket,Grocery,Mumbai,IN,POS,chip_pin,APPROVED,,0,,75.00,38,0,,IN,19.085359,72.847311
txn_00841_f1ed1e4a,ACC6625,CUST60997,MASTERCARD,DEBIT,Branded Cards,2025-11-23T17:34:47.438179+05:30,75.00,INR,MediPlus,Pharmacy,Pune,IN,POS,chip_pin,APPROVED,,0,,75.00,26,0,,IN,18.563616,73.824490
txn_00842_d9a19ca8,ACC6314,CUST12048,MASTERCARD,DEBIT,Branded Cards,2025-08-02T02:51:51.438179+05:30,214.52,INR,ClickBazaar,Ecomm,Pune,IN,POS,contactless,APPROVED,,0,,214.52,46,0,,IN,18.496685,73.845328
txn_00843_44e5f394,ACC1617,CUST21273,RUPAY,DEBIT,Branded Cards,2025-10-04T06:52:42.438179+05:30,83.26,INR,SpiceTrail,Dining,Bangalore,IN,POS,chip_pin,APPROVED,,0,,83.26,17,0,,IN,12.992069,77.602798
txn_00844_86474182,ACC2595,CUST41214,RUPAY,DEBIT,Branded Cards,2025-09-17T22:14:39.438179+05:30,75.00,INR,MetroPetro,Fuel,Hyderabad,IN,POS,contactless,APPROVED,,0,,75.00,18,0,,IN,17.382586,78.521288
txn_00845_74e5e611,ACC7273,CUST90703,AMEX,CREDIT,Branded Cards,2025-08-23T10:05:19.438179+05:30,113.79,INR,GreenLeaf Grocers,Grocery,Hyderabad,IN,ATM,atm_pin,APPROVED,,0,,113.79,54,0,,IN,17.338519,78.472086
txn_00846_8eb232b8,ACC8014,CUST64536,RUPAY,CREDIT,Branded Cards,2025-12-22T02:43:05.438179+05:30,285.94,INR,CityCab,Travel,Bangalore,IN,POS,chip_pin,APPROVED,,0,,285.94,13,0,,IN,,
txn_00847_6c05df93,ACC6959,CUST51592,RUPAY,DEBIT,Branded Cards,2025-08-01T04:02:38.438179+05:30,137.52,INR,LocalStore,Other,Hyderabad,IN,POS,chip_pin,APPROVED,,0,,137.52,47,0,,IN,17.398217,78.509989
txn_00848_0af9da16,ACC3554,CUST50218,MASTERCARD,CREDIT,Branded Cards,2025-10-01T15:15:35.438179+05:30,75.00,INR,TasteHub,Dining,Mumbai,IN,ATM,atm_pin,APPROVED,,0,,75.00,5,0,,IN,,
txn_00849_08a66a64,ACC9548,CUST36750,MASTERCARD,CREDIT,Branded Cards,2025-07-26T15:29:02.438179+05:30,75.00,INR,SpeedFuel,Fuel,Delhi,IN,ECOM,online,APPROVED,,0,,75.00,47,0,dev_5752f02148,IN,,
txn_00850_38da98b0,ACC7931,CUST68851,RUPAY,CREDIT,Branded Cards,2025-07-25T22:28:20.438179+05:30,141.00,INR,MetroPetro,Fuel,Hyderabad,IN,POS,contactless,APPROVED,,0,,141.00,49,0,,IN,,
txn_00851_333f117b,ACC3346,CUST94560,AMEX,DEBIT,Branded Cards,2026-01-03T15:42:21.438179+05:30,75.00,INR,RailEase,Travel,Bangalore,IN,POS,chip_pin,APPROVED,,0,,75.00,11,0,,IN,12.940642,77.550892
txn_00852_2a4150de,ACC8727,CUST62956,AMEX,CREDIT,Branded Cards,2025-08-26T11:21:36.438179+05:30,75.00,INR,DailyMart,Grocery,Bangalore,IN,ECOM,online,APPROVED,,0,,75.00,51,0,dev_06585262b1,IN,,
txn_00853_534fa89b,ACC3333,CUST91082,RUPAY,CREDIT,Branded Cards,2025-12-12T19:55:43.438179+05:30,280.23,INR,CityCab,Travel,Ahmedabad,IN,POS,contactless,APPROVED,,0,,280.23,41,0,,IN,,
txn_00854_ba72186e,ACC4559,CUST83988,RUPAY,DEBIT,Branded Cards,2025-07-21T17:19:15.438179+05:30,88.37,INR,QuickServices,Other,Mumbai,IN,POS,chip_pin,APPROVED,,0,,88.37,34,0,,IN,19.045832,72.906421
txn_00855_e58e8fb6,ACC3728,CUST52611,MASTERCARD,CREDIT,Branded Cards,2025-07-22T01:17:22.438179+05:30,287.10,INR,PowerGrid,Utilities,Delhi,IN,POS,chip_pin,APPROVED,,0,,287.10,45,0,,IN,28.709414,77.066887
txn_00856_cf8e31a3,ACC9161,CUST90112,MASTERCARD,CREDIT,Branded Cards,2025-12-07T07:57:38.438179+05:30,75.00,INR,NetConnect,Utilities,Hyderabad,IN,POS,chip_pin,APPROVED,,0,,75.00,6,0,,IN,17.361104,78.462090
txn_00857_d147b235,ACC6355,CUST28124,RUPAY,DEBIT,Branded Cards,2025-08-09T18:12:12.438179+05:30,111.15,INR,FreshBasket,Grocery,Delhi,IN,POS,chip_pin,DECLINED,SUSPECTED_FRAUD,0,,111.15,36,0,,IN,28.675524,77.123292
txn_00858_f091f0f9,ACC8628,CUST77977,MASTERCARD,CREDIT,Branded Cards,2025-08-29T20:06:40.438179+05:30,409.83,INR,SkyRoute,Travel,Mumbai,IN,POS,contactless,APPROVED,,0,,409.83,7,0,,IN,19.081421,72.888358
txn_00859_0a5a2180,ACC4309,CUST12272,RUPAY,DEBIT,Branded Cards,2025-10-26T03:31:54.438179+05:30,474.02,INR,ClickBazaar,Ecomm,Chennai,IN,ECOM,online,APPROVED,,0,,474.02,66,0,dev_ffca5376ab,IN,,
txn_00860_bad1ffe7,ACC6705,CUST97032,MASTERCARD,DEBIT,Branded Cards,2025-12-30T11:09:51.438179+05:30,176.13,INR,FuelPoint,Fuel,Chennai,IN,POS,chip_pin,APPROVED,,0,,176.13,54,0,,IN,13.090419,80.298622
txn_00861_252ac83c,ACC7517,CUST16346,AMEX,CREDIT,Branded Cards,2025-07-27T09:02:09.438179+05:30,108.24,INR,FunZone,Entertainment,Pune,IN,POS,chip_pin,APPROVED,,0,,108.24,43,0,,IN,,
txn_00862_16d83599,ACC2899,CUST24773,MASTERCARD,CREDIT,Branded Cards,2025-09-29T23:52:09.438179+05:30,119.10,INR,ShopSphere,Ecomm,Mumbai,IN,ECOM,online,APPROVED,,0,,119.10,60,0,dev_bec578f4f4,IN,,
txn_00863_3559d3c6,ACC9784,CUST11757,VISA,CREDIT,Branded Cards,2025-07-20T08:01:11.438179+05:30,123.56,INR,SkyRoute,Travel,Mumbai,IN,POS,chip_pin,APPROVED,,0,,123.56,7,0,,IN,19.045244,72.865728
txn_00864_ec0389c1,ACC6523,CUST11145,RUPAY,DEBIT,Branded Cards,2025-08-11T02:38:18.438179+05:30,75.00,INR,QuickServices,Other,Delhi,IN,ECOM,online,APPROVED,,0,,75.00,25,0,dev_86a016d50a,IN,,
txn_00865_c77ae3b1,ACC9135,CUST12239,MASTERCARD,CREDIT,Branded Cards,2025-12-12T06:11:54.438179+05:30,151.82,INR,Cafe Mosaic,Dining,Delhi,IN,POS,chip_pin,APPROVED,,0,,151.82,18,0,,IN,28.710987,77.087024
txn_00866_27facb5d,ACC1420,CUST28460,RUPAY,CREDIT,Branded Cards,2025-09-04T12:34:18.438179+05:30,105.19,INR,CityCab,Travel,Pune,IN,POS,contactless,APPROVED,,0,,105.19,6,0,,IN,18.477895,73.880965
txn_00867_3a6b65aa,ACC3129,CUST26578,RUPAY,CREDIT,Branded Cards,2025-10-24T19:11:46.438179+05:30,158.22,INR,NetConnect,Utilities,Delhi,IN,POS,contactless,APPROVED,,0,,158.22,10,0,,IN,28.740296,77.054738
txn_00868_5cf9cefa,ACC7644,CUST75062,VISA,DEBIT,Branded Cards,2025-08-13T15:14:07.438179+05:30,75.00,INR,AquaFlow,Utilities,Delhi,IN,ECOM,online,APPROVED,,0,,75.00,56,0,dev_041febfdaf,IN,,
txn_00869_7634fa48,ACC8113,CUST10358,RUPAY,DEBIT,Branded Cards,2025-12-08T12:55:28.438179+05:30,75.00,INR,HealthFirst,Pharmacy,Mumbai,IN,POS,contactless,APPROVED,,0,,75.00,35,0,,IN,19.039686,72.908709
txn_00870_035c6c48,ACC9468,CUST22770,VISA,CREDIT,Branded Cards,2025-07-18T01:11:47.438179+05:30,75.00,INR,QuickServices,Other,Bangalore,IN,POS,contactless,APPROVED,,0,,75.00,10,0,,IN,12.963981,77.548862
txn_00871_d02094d6,ACC5714,CUST57332,RUPAY,CREDIT,Branded Cards,2025-08-23T04:29:55.438179+05:30,168.57,INR,RailEase,Travel,Bangalore,IN,ECOM,online,APPROVED,,0,,168.57,40,0,dev_14550714a7,SG,,
txn_00872_07995fbc,ACC4351,CUST25793,RUPAY,DEBIT,Branded Cards,2025-08-15T14:19:55.438179+05:30,90.01,INR,UrbanCart,Ecomm,Delhi,IN,POS,chip_pin,DECLINED,LIMIT_EXCEEDED,0,,90.01,33,0,,IN,28.697048,77.077876
txn_00873_b310f0ed,ACC8782,CUST12487,AMEX,CREDIT,Branded Cards,2025-12-28T12:26:04.438179+05:30,356.37,INR,ClickBazaar,Ecomm,Kolkata,IN,POS,contactless,APPROVED,,0,,356.37,27,0,,IN,22.575062,88.396969
txn_00874_bfbff315,ACC5303,CUST86751,AMEX,DEBIT,Branded Cards,2025-11-05T18:43:44.438179+05:30,75.00,USD,HealthFirst,Pharmacy,Mumbai,US,POS,contactless,APPROVED,,1,88.31,6623.39,65,0,,IN,19.117393,72.831435
txn_00875_4c3167b6,ACC9141,CUST61773,VISA,DEBIT,Branded Cards,2025-08-02T19:15:50.438179+05:30,75.00,INR,DailyMart,Grocery,Pune,IN,ECOM,online,APPROVED,,0,,75.00,54,0,dev_ce09b3abbf,IN,,
txn_00876_260027aa,ACC4543,CUST73564,RUPAY,CREDIT,Branded Cards,2025-10-24T12:44:35.438179+05:30,87.03,INR,SpeedFuel,Fuel,Ahmedabad,IN,POS,chip_pin,APPROVED,,0,,87.03,29,0,,IN,,
txn_00877_9536922e,ACC2866,CUST90025,RUPAY,DEBIT,Branded Cards,2025-09-13T13:59:50.438179+05:30,75.00,INR,SpiceTrail,Dining,Pune,IN,ECOM,online,APPROVED,,0,,75.00,35,0,dev_98974a2447,IN,,
txn_00878_a17db91d,ACC5251,CUST22462,VISA,DEBIT,Branded Cards,2025-08-19T11:29:02.438179+05:30,172.27,INR,CityCab,Travel,Delhi,IN,POS,contactless,DECLINED,NETWORK_ERROR,0,,172.27,8,0,,IN,28.720176,77.118426
txn_00879_f6eedbdc,ACC5747,CUST96702,MASTERCARD,DEBIT,Branded Cards,2025-08-28T13:25:09.438179+05:30,75.00,INR,CityServices,Other,Ahmedabad,IN,ECOM,online,APPROVED,,0,,75.00,54,0,dev_a080ef2ccf,IN,,
txn_00880_700affff,ACC1188,CUST80660,VISA,DEBIT,Branded Cards,2025-11-22T12:17:02.438179+05:30,75.00,INR,Cafe Mosaic,Dining,Delhi,IN,POS,chip_pin,APPROVED,,0,,75.00,19,0,,IN,28.698135,77.103185
txn_00881_a5e02e86,ACC2376,CUST30687,VISA,DEBIT,Branded Cards,2025-08-27T20:20:17.438179+05:30,75.00,INR,QuickServices,Other,Kolkata,IN,POS,contactless,APPROVED,,0,,75.00,41,0,,IN,22.582168,88.323050
txn_00882_b6a033e6,ACC2931,CUST43901,AMEX,CREDIT,Branded Cards,2025-12-13T17:22:42.438179+05:30,171.90,INR,WellnessRx,Pharmacy,Delhi,IN,POS,contactless,APPROVED,,0,,171.90,45,0,,IN,28.658413,77.087964
txn_00883_ce08215a,ACC7523,CUST33819,RUPAY,CREDIT,Branded Cards,2025-10-22T15:13:46.438179+05:30,111.05,INR,AquaFlow,Utilities,Bangalore,IN,POS,chip_pin,APPROVED,,0,,111.05,11,0,,IN,12.967624,77.624386
txn_00884_8f92c2c3,ACC6538,CUST23396,VISA,DEBIT,Branded Cards,2025-09-29T09:20:55.438179+05:30,75.00,INR,TasteHub,Dining,Kolkata,IN,POS,chip_pin,APPROVED,,0,,75.00,37,0,,IN,22.529076,88.315062
txn_00885_233089c9,ACC5235,CUST61798,MASTERCARD,DEBIT,Branded Cards,2025-09-05T09:01:15.438179+05:30,326.84,INR,ClickBazaar,Ecomm,Kolkata,IN,POS,chip_pin,DECLINED,LIMIT_EXCEEDED,0,,326.84,49,0,,IN,22.584008,88.401933
txn_00886_a3dd65b3,ACC3674,CUST36813,RUPAY,CREDIT,Branded Cards,2025-09-23T10:36:01.438179+05:30,106.26,INR,MediPlus,Pharmacy,Mumbai,IN,POS,chip_pin,APPROVED,,0,,106.26,51,0,,IN,19.092118,72.926414
txn_00887_c79e46ae,ACC1359,CUST31702,MASTERCARD,CREDIT,Branded Cards,2025-10-05T04:23:39.438179+05:30,75.00,INR,PlayArena,Entertainment,Kolkata,IN,ECOM,online,APPROVED,,0,,75.00,38,0,dev_66182a4ea3,IN,,
txn_00888_ee6d7a27,ACC2070,CUST77605,AMEX,DEBIT,Branded Cards,2025-12-04T05:06:44.438179+05:30,75.00,SGD,CityCab,Travel,Mumbai,SG,POS,contactless,APPROVED,,1,66.55,4990.97,27,0,,IN,19.100034,72.917358
txn_00889_a0683570,ACC7169,CUST44737,VISA,CREDIT,Branded Cards,2025-08-18T23:09:35.438179+05:30,75.00,INR,HealthFirst,Pharmacy,Delhi,IN,POS,chip_pin,APPROVED,,0,,75.00,16,0,,IN,,
txn_00890_2280229d,ACC3958,CUST17679,MASTERCARD,DEBIT,Branded Cards,2025-07-13T21:08:11.438179+05:30,75.00,INR,LocalStore,Other,Hyderabad,IN,ATM,atm_pin,APPROVED,,0,,75.00,25,0,,IN,17.339930,78.449112
txn_00891_35073a4e,ACC7901,CUST51207,AMEX,CREDIT,Branded Cards,2025-11-02T23:34:28.438179+05:30,99.87,INR,WellnessRx,Pharmacy,Bangalore,IN,POS,chip_pin,APPROVED,,0,,99.87,43,0,,IN,12.998729,77.625350
txn_00892_0c0575ab,ACC5805,CUST59327,MASTERCARD,CREDIT,Branded Cards,2025-10-01T04:33:21.438179+05:30,92.10,USD,CityServices,Other,Hyderabad,US,POS,chip_pin,APPROVED,,1,84.69,7800.33,31,0,,IN,17.432127,78.461722
txn_00893_c85305f9,ACC6054,CUST51803,RUPAY,DEBIT,Branded Cards,2025-11-10T07:31:48.438179+05:30,154.02,AED,FunZone,Entertainment,Bangalore,AE,POS,contactless,APPROVED,,1,21.89,3371.26,51,0,,IN,13.010846,77.601721
txn_00894_9a88d62a,ACC6685,CUST40002,VISA,DEBIT,Branded Cards,2025-12-23T14:11:51.438179+05:30,351.14,INR,SkyRoute,Travel,Chennai,IN,POS,contactless,APPROVED,,0,,351.14,49,0,,IN,13.043540,80.283962
txn_00895_113cb009,ACC7392,CUST13637,RUPAY,CREDIT,Branded Cards,2025-12-10T11:39:08.438179+05:30,147.62,INR,SkyRoute,Travel,Delhi,IN,POS,chip_pin,APPROVED,,0,,147.62,35,0,,IN,28.667534,77.084101
txn_00896_03d7f55b,ACC2775,CUST72204,MASTERCARD,DEBIT,Branded Cards,2025-08-07T19:44:03.438179+05:30,75.00,INR,SpeedFuel,Fuel,Chennai,IN,ECOM,online,APPROVED,,0,,75.00,51,0,dev_c201910880,IN,,
txn_00897_ee550e96,ACC5476,CUST68473,RUPAY,DEBIT,Branded Cards,2025-12-01T23:39:22.438179+05:30,167.00,INR,PlayArena,Entertainment,Delhi,IN,POS,chip_pin,APPROVED,,0,,167.00,55,0,,IN,,
txn_00898_8844276d,ACC1787,CUST70450,AMEX,CREDIT,Branded Cards,2025-08-17T01:46:30.438179+05:30,75.00,EUR,MediPlus,Pharmacy,Delhi,DE,ECOM,online,APPROVED,,1,86.02,6451.47,88,1,dev_62bac043ca,IN,,
txn_00899_0c11f642,ACC1515,CUST98581,MASTERCARD,DEBIT,Branded Cards,2025-09-18T05:15:58.438179+05:30,75.00,INR,TasteHub,Dining,Delhi,IN,POS,chip_pin,APPROVED,,0,,75.00,21,0,,IN,28.729342,77.147502
txn_00900_aea2d49e,ACC2390,CUST69080,AMEX,DEBIT,Branded Cards,2025-09-15T00:02:06.438179+05:30,86.79,INR,TasteHub,Dining,Ahmedabad,IN,POS,chip_pin,APPROVED,,0,,86.79,51,0,,IN,,
txn_00901_5a878212,ACC1206,CUST95859,MASTERCARD,CREDIT,Branded Cards,2025-08-20T12:19:05.438179+05:30,83.69,INR,TasteHub,Dining,Delhi,IN,POS,chip_pin,APPROVED,,0,,83.69,9,0,,IN,,
txn_00902_3ac1b782,ACC6006,CUST11548,VISA,DEBIT,Branded Cards,2025-12-26T15:26:03.438179+05:30,514.47,INR,ShopSphere,Ecomm,Hyderabad,IN,POS,chip_pin,DECLINED,LIMIT_EXCEEDED,0,,514.47,14,0,,IN,17.424379,78.469802
txn_00903_42fbacf1,ACC5290,CUST66032,VISA,CREDIT,Branded Cards,2025-12-22T19:10:16.438179+05:30,75.00,INR,HealthFirst,Pharmacy,Ahmedabad,IN,POS,chip_pin,APPROVED,,0,,75.00,47,0,,IN,,
txn_00904_62d0abcd,ACC7972,CUST86850,MASTERCARD,DEBIT,Branded Cards,2025-08-22T19:47:56.438179+05:30,92.62,INR,MetroPetro,Fuel,Pune,IN,POS,chip_pin,DECLINED,INVALID_PIN,0,,92.62,37,0,,IN,18.495946,73.860587
txn_00905_ba99267e,ACC9854,CUST59982,MASTERCARD,CREDIT,Branded Cards,2025-11-02T08:09:30.438179+05:30,220.60,INR,Cafe Mosaic,Dining,Ahmedabad,IN,POS,chip_pin,APPROVED,,0,,220.60,21,0,,IN,22.976143,72.530354
txn_00906_d1211aed,ACC3574,CUST84262,AMEX,CREDIT,Branded Cards,2025-11-13T08:15:14.438179+05:30,239.70,INR,ClickBazaar,Ecomm,Pune,IN,POS,chip_pin,APPROVED,,0,,239.70,46,0,,IN,18.520397,73.845890
txn_00907_820740e7,ACC8878,CUST60624,VISA,CREDIT,Branded Cards,2025-12-05T14:07:23.438179+05:30,226.64,INR,SkyRoute,Travel,Mumbai,IN,POS,chip_pin,DECLINED,SUSPECTED_FRAUD,0,,226.64,7,0,,IN,,
txn_00908_96f22a06,ACC9361,CUST16208,VISA,DEBIT,Branded Cards,2025-09-04T04:28:08.438179+05:30,173.10,INR,UrbanCart,Ecomm,Kolkata,IN,ECOM,online,APPROVED,,0,,173.10,22,0,dev_f1a4229f14,IN,,
txn_00909_be007552,ACC7212,CUST67348,RUPAY,CREDIT,Branded Cards,2025-12-17T02:27:53.438179+05:30,323.07,INR,UrbanCart,Ecomm,Hyderabad,IN,POS,contactless,APPROVED,,0,,323.07,28,0,,IN,17.362895,78.469642
txn_00910_fc9db77e,ACC5623,CUST10207,VISA,CREDIT,Branded Cards,2025-09-12T18:48:36.438179+05:30,75.00,INR,HealthFirst,Pharmacy,Kolkata,IN,POS,chip_pin,DECLINED,NETWORK_ERROR,0,,75.00,10,0,,IN,22.611781,88.408160
txn_00911_60bf684e,ACC9753,CUST84379,AMEX,CREDIT,Branded Cards,2025-08-13T15:53:27.438179+05:30,117.90,INR,WellnessRx,Pharmacy,Hyderabad,IN,ECOM,online,APPROVED,,0,,117.90,26,0,dev_8d4b50c34d,IN,,
txn_00912_feb8bf0b,ACC8951,CUST90526,RUPAY,CREDIT,Branded Cards,2025-12-18T01:16:30.438179+05:30,83.47,INR,WellnessRx,Pharmacy,Ahmedabad,IN,ECOM,online,APPROVED,,0,,83.47,50,0,dev_781e49c76a,IN,,
txn_00913_6150e216,ACC1240,CUST49678,VISA,DEBIT,Branded Cards,2025-12-15T18:23:10.438179+05:30,112.57,INR,MediPlus,Pharmacy,Chennai,IN,POS,chip_pin,APPROVED,,0,,112.57,45,0,,IN,13.088607,80.307968
txn_00914_c8b80c6c,ACC2222,CUST22657,VISA,DEBIT,Branded Cards,2025-08-19T15:02:53.438179+05:30,160.88,INR,SkyRoute,Travel,Ahmedabad,IN,POS,contactless,APPROVED,,0,,160.88,52,0,,IN,23.002180,72.581612
txn_00915_e9d56e55,ACC5330,CUST58030,MASTERCARD,DEBIT,Branded Cards,2025-10-29T09:43:44.438179+05:30,75.00,INR,FuelPoint,Fuel,Kolkata,IN,ATM,atm_pin,APPROVED,,0,,75.00,50,0,,IN,,
txn_00916_0cbe735d,ACC2038,CUST92853,VISA,DEBIT,Branded Cards,2025-09-25T06:32:14.438179+05:30,75.00,INR,Cafe Mosaic,Dining,Ahmedabad,IN,ECOM,online,DECLINED,NETWORK_ERROR,0,,75.00,63,0,dev_f0049fb2fd,IN,,
txn_00917_47adfc55,ACC1082,CUST17656,AMEX,DEBIT,Branded Cards,2025-12-13T20:51:19.438179+05:30,223.68,INR,SpiceTrail,Dining,Ahmedabad,IN,POS,chip_pin,APPROVED,,0,,223.68,51,0,,IN,,
txn_00918_c94b08d2,ACC6757,CUST83722,MASTERCARD,CREDIT,Branded Cards,2025-07-25T12:22:58.438179+05:30,198.94,INR,TasteHub,Dining,Ahmedabad,IN,POS,chip_pin,APPROVED,,0,,198.94,55,0,,IN,22.973125,72.527991
txn_00919_5cdbb28b,ACC4725,CUST67748,VISA,CREDIT,Branded Cards,2025-12-22T17:47:44.438179+05:30,124.81,INR,PowerGrid,Utilities,Delhi,IN,ECOM,online,APPROVED,,0,,124.81,64,0,dev_0be14f043f,IN,,
txn_00920_4b046117,ACC4719,CUST94654,MASTERCARD,CREDIT,Branded Cards,2025-11-29T17:52:10.438179+05:30,267.32,INR,FreshBasket,Grocery,Ahmedabad,IN,POS,contactless,APPROVED,,0,,267.32,41,0,,IN,23.028677,72.554123
txn_00921_b89033f0,ACC9432,CUST28514,RUPAY,DEBIT,Branded Cards,2025-09-06T07:10:11.438179+05:30,117.54,INR,CityServices,Other,Pune,IN,ECOM,online,APPROVED,,0,,117.54,67,0,dev_9ff5970e00,IN,,
txn_00922_c89eb2f2,ACC6897,CUST67389,AMEX,CREDIT,Branded Cards,2025-10-31T19:27:07.438179+05:30,362.97,INR,ClickBazaar,Ecomm,Mumbai,IN,POS,contactless,DECLINED,INVALID_PIN,0,,362.97,9,0,,IN,19.055677,72.924782
txn_00923_ff17bb76,ACC5118,CUST49265,MASTERCARD,DEBIT,Branded Cards,2025-08-19T20:12:12.438179+05:30,404.10,INR,CityCab,Travel,Bangalore,IN,POS,contactless,APPROVED,,0,,404.10,19,0,,IN,,
txn_00924_b4666d99,ACC1821,CUST61573,MASTERCARD,DEBIT,Branded Cards,2025-10-04T22:11:02.438179+05:30,114.02,INR,CityCab,Travel,Pune,IN,POS,contactless,APPROVED,,0,,114.02,33,0,,IN,,
txn_00925_fd780916,ACC2666,CUST40614,AMEX,DEBIT,Branded Cards,2025-12-11T11:29:49.438179+05:30,75.00,USD,MetroPetro,Fuel,Kolkata,US,POS,chip_pin,APPROVED,,1,83.74,6280.14,54,0,,IN,22.553547,88.316656
txn_00926_06174c62,ACC7653,CUST91393,VISA,DEBIT,Branded Cards,2025-10-03T06:01:06.438179+05:30,107.64,INR,LocalStore,Other,Mumbai,IN,POS,chip_pin,APPROVED,,0,,107.64,29,0,,IN,19.096270,72.844519
txn_00927_2edf2b1a,ACC6685,CUST95809,AMEX,DEBIT,Branded Cards,2025-07-13T17:06:55.438179+05:30,149.87,INR,FuelPoint,Fuel,Delhi,IN,ATM,atm_pin,APPROVED,,0,,149.87,25,0,,IN,28.675560,77.124447
txn_00928_b552f386,ACC6999,CUST94399,AMEX,DEBIT,Branded Cards,2025-12-29T06:08:06.438179+05:30,81.61,INR,PowerGrid,Utilities,Ahmedabad,IN,POS,contactless,APPROVED,,0,,81.61,8,0,,IN,,
txn_00929_36ea525d,ACC8019,CUST15977,VISA,CREDIT,Branded Cards,2025-08-28T16:15:51.438179+05:30,117.28,INR,DailyMart,Grocery,Hyderabad,IN,ATM,atm_pin,APPROVED,,0,,117.28,5,0,,IN,17.347606,78.439843
txn_00930_589a8b9d,ACC4991,CUST58994,AMEX,CREDIT,Branded Cards,2025-07-13T17:53:03.438179+05:30,194.20,INR,FuelPoint,Fuel,Hyderabad,IN,ECOM,online,APPROVED,,0,,194.20,39,0,dev_8bf5b85c17,IN,,
txn_00931_b20921cd,ACC4958,CUST72781,AMEX,CREDIT,Branded Cards,2025-08-30T04:48:28.438179+05:30,77.69,INR,DailyMart,Grocery,Kolkata,IN,POS,chip_pin,APPROVED,,0,,77.69,29,0,,IN,22.570350,88.318309
txn_00932_02d4729d,ACC2194,CUST74648,MASTERCARD,CREDIT,Branded Cards,2025-11-12T00:42:52.438179+05:30,76.64,GBP,ClickBazaar,Ecomm,Hyderabad,GB,POS,contactless,APPROVED,,1,103.34,7920.22,43,0,,IN,17.351068,78.471494
txn_00933_e470dab0,ACC7910,CUST98705,AMEX,DEBIT,Branded Cards,2025-12-25T01:33:48.438179+05:30,75.00,INR,CityCab,Travel,Delhi,IN,POS,contactless,APPROVED,,0,,75.00,52,0,,IN,28.711232,77.116815
txn_00934_55a28f90,ACC8479,CUST53788,MASTERCARD,CREDIT,Branded Cards,2025-08-13T18:16:12.438179+05:30,75.00,INR,CityServices,Other,Kolkata,IN,POS,chip_pin,DECLINED,INSUFFICIENT_FUNDS,0,,75.00,13,0,,IN,22.523250,88.403538
txn_00935_243711ee,ACC8496,CUST58502,RUPAY,DEBIT,Branded Cards,2025-10-06T19:34:27.438179+05:30,117.93,INR,SkyRoute,Travel,Delhi,IN,POS,contactless,APPROVED,,0,,117.93,5,0,,IN,,
txn_00936_1956673f,ACC3800,CUST18850,MASTERCARD,CREDIT,Branded Cards,2025-10-06T19:26:13.438179+05:30,75.00,INR,Cafe Mosaic,Dining,Ahmedabad,IN,ECOM,online,APPROVED,,0,,75.00,47,0,dev_b36e737276,SG,,
txn_00937_501d5146,ACC8598,CUST71662,VISA,DEBIT,Branded Cards,2025-11-24T11:06:05.438179+05:30,75.00,INR,GreenLeaf Grocers,Grocery,Chennai,IN,POS,contactless,APPROVED,,0,,75.00,26,0,,IN,13.040855,80.279554
txn_00938_0dacf645,ACC2572,CUST77359,RUPAY,CREDIT,Branded Cards,2025-12-01T08:24:35.438179+05:30,75.00,INR,DailyMart,Grocery,Pune,IN,POS,chip_pin,DECLINED,NETWORK_ERROR,0,,75.00,37,0,,IN,18.566544,73.837799
txn_00939_0f25152b,ACC5128,CUST21623,RUPAY,CREDIT,Branded Cards,2025-10-26T04:22:56.438179+05:30,115.81,INR,FreshBasket,Grocery,Delhi,IN,POS,contactless,APPROVED,,0,,115.81,47,0,,IN,,
txn_00940_0356f7ab,ACC3090,CUST14733,RUPAY,DEBIT,Branded Cards,2025-07-27T06:57:47.438179+05:30,845.95,INR,ClickBazaar,Ecomm,Delhi,IN,ATM,atm_pin,APPROVED,,0,,845.95,49,0,,IN,28.666753,77.115230
txn_00941_e2e6e895,ACC1770,CUST63367,VISA,DEBIT,Branded Cards,2025-11-02T00:07:04.438179+05:30,75.00,INR,SkyRoute,Travel,Delhi,IN,POS,contactless,APPROVED,,0,,75.00,54,0,,IN,28.704434,77.094293
txn_00942_05ddf023,ACC3652,CUST88409,MASTERCARD,CREDIT,Branded Cards,2025-12-13T23:23:43.438179+05:30,75.00,INR,DailyMart,Grocery,Pune,IN,ATM,atm_pin,APPROVED,,0,,75.00,44,0,,IN,18.483602,73.813804
txn_00943_8a8ce2d7,ACC5520,CUST18766,VISA,DEBIT,Branded Cards,2025-07-31T00:26:14.438179+05:30,76.41,INR,Cafe Mosaic,Dining,Bangalore,IN,ECOM,online,APPROVED,,0,,76.41,64,0,dev_3f437feb6b,IN,,
txn_00944_d7684211,ACC7443,CUST70359,RUPAY,CREDIT,Branded Cards,2025-12-26T00:34:49.438179+05:30,209.24,INR,RailEase,Travel,Mumbai,IN,ECOM,online,APPROVED,,0,,209.24,43,0,dev_f85e5ae447,IN,,
txn_00945_643a6898,ACC4216,CUST99765,MASTERCARD,DEBIT,Branded Cards,2025-10-18T16:30:58.438179+05:30,385.81,INR,SkyRoute,Travel,Kolkata,IN,POS,chip_pin,APPROVED,,0,,385.81,33,0,,IN,,
txn_00946_1e1296dc,ACC2449,CUST48734,MASTERCARD,CREDIT,Branded Cards,2025-11-29T05:13:13.438179+05:30,131.67,INR,HealthFirst,Pharmacy,Bangalore,IN,POS,contactless,APPROVED,,0,,131.67,32,0,,IN,,
txn_00947_7e34be79,ACC2607,CUST91628,MASTERCARD,DEBIT,Branded Cards,2025-09-23T09:09:36.438179+05:30,295.49,INR,RailEase,Travel,Chennai,IN,ATM,atm_pin,APPROVED,,0,,295.49,37,0,,IN,13.128196,80.274080
txn_00948_aaad8926,ACC1943,CUST57798,MASTERCARD,DEBIT,Branded Cards,2025-08-22T05:56:38.438179+05:30,160.51,INR,FuelPoint,Fuel,Kolkata,IN,POS,chip_pin,APPROVED,,0,,160.51,16,0,,IN,,
txn_00949_dd12bbc6,ACC8649,CUST61171,MASTERCARD,CREDIT,Branded Cards,2025-07-12T18:00:24.438179+05:30,77.50,INR,SpiceTrail,Dining,Bangalore,IN,ECOM,online,APPROVED,,0,,77.50,40,0,dev_44b8012d83,IN,,
txn_00950_4556b8a2,ACC7439,CUST60680,AMEX,DEBIT,Branded Cards,2025-08-05T20:13:30.438179+05:30,168.42,INR,AquaFlow,Utilities,Kolkata,IN,POS,contactless,APPROVED,,0,,168.42,20,0,,IN,22.579032,88.413013
txn_00951_f09d07f1,ACC6019,CUST76590,RUPAY,CREDIT,Branded Cards,2025-12-14T02:05:25.438179+05:30,109.74,INR,MediPlus,Pharmacy,Hyderabad,IN,POS,chip_pin,APPROVED,,0,,109.74,41,0,,IN,17.418877,78.498533
txn_00952_440497f9,ACC3975,CUST60437,MASTERCARD,DEBIT,Branded Cards,2025-12-05T04:07:16.438179+05:30,214.60,INR,CityCab,Travel,Chennai,IN,POS,contactless,APPROVED,,0,,214.60,42,0,,IN,,
txn_00953_69a3618b,ACC4604,CUST96217,VISA,DEBIT,Branded Cards,2025-09-10T06:18:09.438179+05:30,75.00,INR,CityServices,Other,Pune,IN,POS,chip_pin,APPROVED,,0,,75.00,24,0,,IN,18.551359,73.851981
txn_00954_517e71e0,ACC3562,CUST37409,VISA,CREDIT,Branded Cards,2025-10-04T14:34:34.438179+05:30,75.00,INR,GreenLeaf Grocers,Grocery,Mumbai,IN,POS,contactless,APPROVED,,0,,75.00,40,0,,IN,19.117615,72.883398
txn_00955_d202d65b,ACC3418,CUST39171,AMEX,CREDIT,Branded Cards,2025-09-13T21:40:51.438179+05:30,102.99,INR,WellnessRx,Pharmacy,Ahmedabad,IN,POS,contactless,DECLINED,NETWORK_ERROR,0,,102.99,26,0,,IN,,
txn_00956_a119ca40,ACC6850,CUST29988,RUPAY,CREDIT,Branded Cards,2025-09-14T18:58:45.438179+05:30,243.26,INR,HealthFirst,Pharmacy,Chennai,IN,POS,chip_pin,APPROVED,,0,,243.26,7,0,,IN,,
txn_00957_06c6b8c2,ACC5933,CUST39715,VISA,CREDIT,Branded Cards,2025-08-12T10:02:15.438179+05:30,112.58,INR,AquaFlow,Utilities,Bangalore,IN,POS,chip_pin,APPROVED,,0,,112.58,34,0,,IN,13.016136,77.556592
txn_00958_e80f58fb,ACC1438,CUST88765,MASTERCARD,DEBIT,Branded Cards,2025-07-24T07:44:28.438179+05:30,75.00,INR,CityServices,Other,Mumbai,IN,POS,chip_pin,APPROVED,,0,,75.00,27,0,,IN,19.077810,72.866777
txn_00959_3a122631,ACC4114,CUST78447,RUPAY,CREDIT,Branded Cards,2025-08-03T16:23:50.438179+05:30,112.07,INR,PowerGrid,Utilities,Chennai,IN,ATM,atm_pin,APPROVED,,0,,112.07,15,0,,IN,13.102023,80.302168
txn_00960_81dcd57c,ACC6734,CUST14555,MASTERCARD,CREDIT,Branded Cards,2025-09-07T00:04:23.438179+05:30,75.00,INR,Cafe Mosaic,Dining,Ahmedabad,IN,ECOM,online,APPROVED,,0,,75.00,22,0,dev_6d6c589836,IN,,
txn_00961_039ff46b,ACC9050,CUST26342,VISA,CREDIT,Branded Cards,2025-11-27T00:05:51.438179+05:30,75.00,INR,LocalStore,Other,Bangalore,IN,POS,contactless,APPROVED,,0,,75.00,15,0,,IN,12.941590,77.548457
txn_00962_dc0a1c8e,ACC5231,CUST62761,VISA,DEBIT,Branded Cards,2025-09-05T07:14:17.438179+05:30,166.97,INR,QuickServices,Other,Delhi,IN,ECOM,online,APPROVED,,0,,166.97,51,0,dev_43c3155e4b,IN,,
txn_00963_4ac2ee89,ACC5157,CUST30180,AMEX,DEBIT,Branded Cards,2025-10-08T18:08:03.438179+05:30,75.00,INR,SpiceTrail,Dining,Delhi,IN,POS,chip_pin,APPROVED,,0,,75.00,50,0,,IN,28.717574,77.127938
txn_00964_3e03a5ea,ACC8844,CUST42065,MASTERCARD,CREDIT,Branded Cards,2025-12-18T14:56:49.438179+05:30,464.29,INR,RailEase,Travel,Chennai,IN,POS,contactless,APPROVED,,0,,464.29,8,0,,IN,,
txn_00965_a8f5314f,ACC2175,CUST38803,VISA,CREDIT,Branded Cards,2025-09-29T08:10:37.438179+05:30,80.42,INR,Cafe Mosaic,Dining,Ahmedabad,IN,POS,chip_pin,DECLINED,INVALID_PIN,0,,80.42,12,0,,IN,23.004896,72.522755
txn_00966_cc9dc19c,ACC3855,CUST92078,RUPAY,CREDIT,Branded Cards,2025-07-21T12:04:51.438179+05:30,75.00,INR,LocalStore,Other,Kolkata,IN,POS,contactless,APPROVED,,0,,75.00,35,0,,IN,22.554442,88.370768
txn_00967_522fb6b0,ACC8386,CUST81712,AMEX,CREDIT,Branded Cards,2025-08-31T01:30:20.438179+05:30,91.59,INR,WellnessRx,Pharmacy,Hyderabad,IN,POS,contactless,APPROVED,,0,,91.59,41,0,,IN,17.394243,78.457852
txn_00968_33a83451,ACC4991,CUST66360,MASTERCARD,CREDIT,Branded Cards,2025-07-30T23:50:20.438179+05:30,87.63,INR,StarCinemas,Entertainment,Delhi,IN,POS,chip_pin,APPROVED,,0,,87.63,51,0,,IN,28.669067,77.059829
txn_00969_c3bf7d44,ACC1463,CUST70343,RUPAY,DEBIT,Branded Cards,2025-10-10T17:31:52.438179+05:30,75.00,INR,MediPlus,Pharmacy,Ahmedabad,IN,POS,chip_pin,APPROVED,,0,,75.00,54,0,,IN,23.016285,72.560340
txn_00970_07e79181,ACC9396,CUST98095,RUPAY,DEBIT,Branded Cards,2025-08-09T15:20:27.438179+05:30,110.43,INR,PowerGrid,Utilities,Pune,IN,ATM,atm_pin,APPROVED,,0,,110.43,10,0,,IN,18.508623,73.837577
txn_00971_902369ab,ACC8472,CUST47236,AMEX,CREDIT,Branded Cards,2025-09-05T14:16:49.438179+05:30,139.42,INR,ShopSphere,Ecomm,Delhi,IN,POS,chip_pin,APPROVED,,0,,139.42,22,0,,IN,,
txn_00972_e2832379,ACC2458,CUST65022,VISA,CREDIT,Branded Cards,2025-11-15T00:29:23.438179+05:30,228.71,INR,CityCab,Travel,Ahmedabad,IN,POS,contactless,APPROVED,,0,,228.71,33,0,,IN,,
txn_00973_9dd03cde,ACC4055,CUST70870,AMEX,DEBIT,Branded Cards,2025-09-15T11:39:07.438179+05:30,75.00,INR,DailyMart,Grocery,Chennai,IN,POS,contactless,APPROVED,,0,,75.00,42,0,,IN,13.130205,80.277205
txn_00974_6d33758b,ACC5910,CUST40771,VISA,DEBIT,Branded Cards,2025-12-16T03:05:53.438179+05:30,278.81,INR,RailEase,Travel,Kolkata,IN,POS,chip_pin,DECLINED,INVALID_PIN,0,,278.81,15,0,,IN,22.568867,88.381342
txn_00975_e58d55cb,ACC6002,CUST90214,AMEX,DEBIT,Branded Cards,2025-12-05T00:07:50.438179+05:30,140.17,INR,HealthFirst,Pharmacy,Hyderabad,IN,POS,contactless,APPROVED,,0,,140.17,19,0,,IN,17.360740,78.443999
txn_00976_97e3e23f,ACC6377,CUST75602,MASTERCARD,CREDIT,Branded Cards,2025-09-20T09:51:34.438179+05:30,80.00,INR,Cafe Mosaic,Dining,Ahmedabad,IN,POS,contactless,APPROVED,,0,,80.00,47,0,,IN,22.989634,72.543853
txn_00977_69ad2a79,ACC7070,CUST54129,RUPAY,CREDIT,Branded Cards,2025-09-06T17:12:35.438179+05:30,75.00,EUR,CityServices,Other,Hyderabad,DE,POS,chip_pin,APPROVED,,1,89.13,6684.65,56,0,,IN,17.363707,78.507676
txn_00978_243517e0,ACC6828,CUST23977,MASTERCARD,CREDIT,Branded Cards,2025-12-02T10:21:05.438179+05:30,75.00,INR,FreshBasket,Grocery,Bangalore,IN,POS,contactless,APPROVED,,0,,75.00,51,0,,IN,12.978257,77.626896
txn_00979_f889c78a,ACC2292,CUST85191,MASTERCARD,DEBIT,Branded Cards,2025-08-02T06:34:45.438179+05:30,329.06,INR,AquaFlow,Utilities,Chennai,IN,POS,contactless,APPROVED,,0,,329.06,40,0,,IN,,
txn_00980_bda91c8a,ACC3223,CUST14389,VISA,DEBIT,Branded Cards,2025-11-03T07:26:05.438179+05:30,93.79,INR,NetConnect,Utilities,Hyderabad,IN,POS,contactless,APPROVED,,0,,93.79,16,0,,IN,17.375740,78.529979
txn_00981_d25163ad,ACC9851,CUST13672,AMEX,DEBIT,Branded Cards,2025-12-27T18:25:38.438179+05:30,107.48,INR,SpiceTrail,Dining,Hyderabad,IN,POS,chip_pin,DECLINED,SUSPECTED_FRAUD,0,,107.48,52,0,,IN,17.415100,78.476325
txn_00982_d76abc03,ACC6218,CUST17660,AMEX,CREDIT,Branded Cards,2025-11-27T06:12:57.438179+05:30,75.00,INR,Cafe Mosaic,Dining,Bangalore,IN,POS,chip_pin,APPROVED,,0,,75.00,34,0,,IN,13.020955,77.574810
txn_00983_cb0fab8e,ACC4830,CUST11221,AMEX,CREDIT,Branded Cards,2025-12-02T13:56:23.438179+05:30,751.02,INR,SkyRoute,Travel,Hyderabad,IN,POS,contactless,APPROVED,,0,,751.02,17,0,,IN,17.387031,78.452032
txn_00984_c88736e9,ACC8475,CUST57867,MASTERCARD,DEBIT,Branded Cards,2026-01-02T22:36:02.438179+05:30,75.00,INR,WellnessRx,Pharmacy,Mumbai,IN,POS,chip_pin,APPROVED,,0,,75.00,9,0,,IN,19.038286,72.917790
txn_00985_e9052c4b,ACC4781,CUST86247,RUPAY,CREDIT,Branded Cards,2025-08-16T05:07:34.438179+05:30,75.00,INR,PlayArena,Entertainment,Chennai,IN,ECOM,online,APPROVED,,0,,75.00,28,0,dev_140e594ba4,IN,,
txn_00986_29d5039a,ACC3169,CUST48361,RUPAY,CREDIT,Branded Cards,2025-12-23T00:56:22.438179+05:30,458.63,INR,ShopSphere,Ecomm,Pune,IN,POS,chip_pin,DECLINED,LIMIT_EXCEEDED,0,,458.63,54,0,,IN,18.515822,73.823004
txn_00987_1b1a5a06,ACC3996,CUST44564,VISA,DEBIT,Branded Cards,2025-12-24T00:27:56.438179+05:30,75.00,INR,HealthFirst,Pharmacy,Ahmedabad,IN,ECOM,online,APPROVED,,0,,75.00,43,0,dev_42d328bb73,IN,,
txn_00988_cd7b6acd,ACC6623,CUST60499,AMEX,CREDIT,Branded Cards,2025-09-26T19:05:48.438179+05:30,80.36,INR,LocalStore,Other,Delhi,IN,ECOM,online,APPROVED,,0,,80.36,19,0,dev_9951107df9,IN,,
txn_00989_fab522e5,ACC1772,CUST25627,AMEX,DEBIT,Branded Cards,2025-08-22T21:51:35.438179+05:30,75.00,INR,CityServices,Other,Delhi,IN,ATM,atm_pin,APPROVED,,0,,75.00,9,0,,IN,28.664073,77.060954
txn_00990_96773d4c,ACC5125,CUST56525,VISA,CREDIT,Branded Cards,2025-11-20T16:45:07.438179+05:30,96.09,USD,NetConnect,Utilities,Kolkata,US,ECOM,online,APPROVED,,1,82.18,7896.62,41,0,dev_5a26ab406f,IN,,
txn_00991_24f3984a,ACC2851,CUST59241,AMEX,CREDIT,Branded Cards,2025-11-21T00:48:33.438179+05:30,75.00,INR,StarCinemas,Entertainment,Delhi,IN,POS,contactless,APPROVED,,0,,75.00,16,0,,IN,28.690172,77.081426
txn_00992_4e02ffb3,ACC9228,CUST77969,AMEX,DEBIT,Branded Cards,2025-08-30T20:00:52.438179+05:30,75.00,INR,MediPlus,Pharmacy,Pune,IN,ECOM,online,DECLINED,LIMIT_EXCEEDED,0,,75.00,18,0,dev_e7e090c65f,IN,,
txn_00993_3080e036,ACC8343,CUST75121,AMEX,CREDIT,Branded Cards,2025-10-31T15:48:54.438179+05:30,75.00,INR,Cafe Mosaic,Dining,Bangalore,IN,ECOM,online,DECLINED,INVALID_PIN,0,,75.00,37,0,dev_c49cb11b59,IN,,
txn_00994_27530c4a,ACC1287,CUST64835,MASTERCARD,DEBIT,Branded Cards,2025-12-15T23:59:26.438179+05:30,75.00,INR,WellnessRx,Pharmacy,Pune,IN,POS,contactless,APPROVED,,0,,75.00,25,0,,IN,18.486402,73.842569
txn_00995_50d8929c,ACC7590,CUST40486,AMEX,CREDIT,Branded Cards,2025-09-16T05:38:02.438179+05:30,97.07,INR,RailEase,Travel,Delhi,IN,POS,contactless,APPROVED,,0,,97.07,54,0,,IN,28.658304,77.111641
txn_00996_346b544c,ACC2752,CUST39233,RUPAY,CREDIT,Branded Cards,2025-07-21T18:55:54.438179+05:30,115.16,GBP,MediPlus,Pharmacy,Hyderabad,GB,ECOM,online,APPROVED,,1,96.29,11088.98,85,1,dev_1856f2ce96,DE,,
txn_00997_b6131739,ACC7102,CUST80559,VISA,CREDIT,Branded Cards,2025-11-26T22:40:37.438179+05:30,117.04,INR,TasteHub,Dining,Pune,IN,ECOM,online,APPROVED,,0,,117.04,24,0,dev_e9a9a9bd76,IN,,
txn_00998_0ae689d6,ACC7361,CUST33286,RUPAY,DEBIT,Branded Cards,2025-08-12T20:14:11.438179+05:30,78.47,INR,HealthFirst,Pharmacy,Bangalore,IN,POS,chip_pin,APPROVED,,0,,78.47,24,0,,IN,13.005317,77.611972
txn_00999_37bbf154,ACC5852,CUST96311,RUPAY,DEBIT,Branded Cards,2025-11-20T10:27:39.438179+05:30,230.25,INR,LocalStore,Other,Pune,IN,ECOM,online,APPROVED,,0,,230.25,25,0,dev_b96f72bb3c,IN,,
txn_01000_480a202f,ACC8956,CUST76988,MASTERCARD,DEBIT,Branded Cards,2025-08-13T10:27:22.438179+05:30,138.53,INR,SkyRoute,Travel,Mumbai,IN,POS,chip_pin,APPROVED,,0,,138.53,55,0,,IN,,
